52,0103000020E6100000010000000F000000D3F446E8006FD8BF3C4889CF2BBC43409B231BDD4171D8BFA062DBFB2CBC43408F9293552370D8BF615DA85632BC4340448D87EE4176D8BF94DCB97235BC4340370496AB8A75D8BF64FF3FCA38BC4340E9E70B9D666FD8BF317439B335BC43400D2632A7526DD8BF5A03BE283FBC434069863A3E0F6BD8BF2C7010FD3DBC434080DEA0F2846CD8BF0980733B37BC4340BF6D84F4CF69D8BF929359C135BC4340BF2007A0616AD8BF71A0CB2233BC43406B07C08AEF66D8BF391B2C3D31BC4340C963618CAD67D8BF5C082F042EBC434078C7A828CE6DD8BFAAFA931C31BC4340D3F446E8006FD8BF3C4889CF2BBC4340,ANTIGUO HOSPITAL GENERAL,monument
68,0103000020E61000000100000007000000F569B49B94F6D7BFA6A9826AFEBC4340E310EEC0A5F6D7BF6A821749FDBC4340B0EAC35076F7D7BFA6083069FDBC434096848F87C8F7D7BF810DE762F8BC43405F5AA6F717F9D7BFDDF01697F8BC4340DD905D1318F8D7BFDB17DF0DFFBC4340F569B49B94F6D7BFA6A9826AFEBC4340,L'ALMOINA. CENTRO ARQUEOLÓGICO,monument
21,0103000020E6100000010000000B000000AC151DA0555DD5BF97DC152110BB43400AAB46FF035BD5BF1D506A690FBB4340C6374A311C54D5BF4F6FC6460DBB4340AF361BBA2D54D5BF8977DDC70CBB4340131F91CB8854D5BF980183CE09BB4340C9E219168054D5BF30D816CB09BB4340620206F08D54D5BF505E5E5A09BB4340F6680ED5175BD5BF9E6E785A0BBB434045FCEC3BD05DD5BF3C60CB2F0CBB43401CE06A7E9E5DD5BF47965FC90DBB4340AC151DA0555DD5BF97DC152110BB4340,ATARAZANAS,monument
10,0103000020E61000000100000011000000C2EC83B81948D8BFCEBEA1877BBD4340149B403ADB47D8BF14BBBD417CBD4340B7B5DD9A3947D8BF6C081ECC7BBD4340BF25E915A246D8BF3821C05D7BBD4340ECDC98585A46D8BFD5C1D44A7CBD4340D4D5A7795C45D8BF58B7468C7BBD4340246D4206A745D8BF2A405EA57ABD4340E93271717645D8BF81EEEC817ABD43405BCF6458A644D8BF64BCA2B77CBD4340DF8A4FAA4044D8BFF958A75D7CBD4340B0F453F9E744D8BF4FBAD5867ABD4340F44C39F92D45D8BFE4FF7BC279BD434092C8D1785045D8BF5DCE0A6179BD4340AD5BACABAD45D8BF6359B95978BD43403E64677D5746D8BF9C8840D478BD4340E20469DAA348D8BFE1574B7C7ABD4340C2EC83B81948D8BFCEBEA1877BBD4340,MUSEO BENLLIURE,museum
24,0103000020E6100000010000000D0000003E535E8C0683D8BFD13266493BBC4340226BFA5D4981D8BFDD9601F738BC434031447490D582D8BFE945462736BC434075A8191C9984D8BF2ECD47C638BC4340163C2AD18984D8BFE8B0DDE938BC4340D4C250F56585D8BF2B0DB5133ABC434037865B28A485D8BF506888B639BC4340B668E1A8B386D8BFA27955593BBC43403DE46D3B2787D8BF613ADD0D3CBC4340E52D5F28C384D8BFD659898E3FBC4340708F5273AA84D8BF3A222C6C3FBC4340E0FADC220085D8BF4DB559EC3DBC43403E535E8C0683D8BFD13266493BBC4340,ERMITA DE SANTA LUCÍA,monument
56,0103000020E61000000100000017000000160EF50A6F40D5BF733E55AAE3BA43409C7B4EA58240D5BFB196CC71E3BA43406CEE5F196741D5BF9D59BCF9E3BA4340E938A90E4D41D5BFD5EEA66AE4BA43407BFEED6B2941D5BF842ADB53E4BA43404A9622656B3FD5BF00DBA41BEBBA4340F9085733943FD5BF6A67803CEBBA4340972E41F46D3FD5BFDB705EAEEBBA43406191CECC3D3FD5BFF0E5708FEBBA4340C28B02576C3ED5BF6F416008EBBA43402026A6F07E3ED5BF73BF4ED1EABA4340426675D5BA38D5BF1317A540E7BA4340BF83C90E6C3AD5BFD655D47FE0BA43404B8CBF53FD39D5BF25947C37E0BA4340CBAA8889283AD5BF4ACEEC8DDFBA4340232E2A64393AD5BF3E55324CDFBA434080C258A4CB3AD5BF563E60B1DFBA434071FCAC4AAE3AD5BF63A8D91CE0BA4340936B6A9E073CD5BFCBB13CF7E0BA4340BA5B0E450B3CD5BF61744004E1BA4340EDD436882940D5BF5C62A586E3BA4340C9F766FE6C40D5BFB76387AFE3BA4340160EF50A6F40D5BF733E55AAE3BA4340,EDIFICIO DEL RELOJ (PUERTO),monument
51,0103000020E6100000010000001800000052F98602A3E6D7BFF6D94C3C78BC434080877E797BE6D7BF2A1FA57579BC4340249BD99D07E6D7BF2F8C2D117DBC4340E75D19D00FE6D7BF8C1F74CB7DBC4340A102995DABE5D7BF565D86EF80BC4340004896737FE5D7BFF218283F81BC434015B393D24AE5D7BF0D4F6BDC82BC434077CD4E3DFEE4D7BFEC06813285BC4340E70B6F10D9E4D7BF982D0A5686BC43407E795B6FA4E4D7BFA15F4DF387BC4340277009D85BE4D7BF7351952A8ABC434043B25AD75AE4D7BF98A30C2C8ABC4340B257E3D0EDE1D7BF5956467189BC43409E33B08DA9E1D7BF408EEF5D8BBC434032D991921AE0D7BFD889BBB18ABC43409D0919EF99DCD7BF2D2FD52F89BC43402C2FCD91E9DAD7BF08CE067688BC43407330A12308DBD7BFAE3236BF84BC4340D5E8AB8B14DBD7BFCE84F04883BC4340F88BEF6896DBD7BF87ECD78F73BC43400EE0AA69EFE3D7BF837B921076BC4340094D63C700E6D7BF904F49B176BC4340D521EADCCCE6D7BF7A6169EF76BC434052F98602A3E6D7BFF6D94C3C78BC4340,REAL COLEGIO DE CORPUS CHRISTI (PATRIARCA),monument
58,0103000020E6100000010000004F0000001D9BBFE822F9D7BF9396D061DBBC4340A7094970D9F8D7BF8A467EC1DBBC4340CD612AAE81F8D7BF060D250FDCBC4340B74F94581BF8D7BF721A2D40DCBC4340DC13B81CB7F7D7BF2CA44B4FDCBC43408F5B993357F7D7BFBB4FF047DCBC434030DEE3B656F7D7BF10ADEA47DCBC434048D9696842F7D7BF2CE95CDADCBC43406A0778712AF6D7BFD2055178DCBC4340C489C2F429F6D7BF27634B78DCBC4340535067252CF6D7BF0EDD8B6BDCBC4340F3EE88B6C1F3D7BFD5B0618DDBBC4340EC8A4082BFF3D7BFC782E29ADBBC43407FA0A24179F3D7BF2E494E83DBBC43401144592F72F3D7BF7F8348AADBBC4340D82522A67BF2D7BF9C179253DBBC4340277C6C5780F2D7BFD67E7629DBBC43407D2A802447F2D7BFA780C317DBBC43402B138EDB39F2D7BFCB3F4504DBBC43408E9CF3CAD2EFD7BF92C78528DABC4340417DD32CD1EFD7BFD325C330DABC4340DA306DFE5AEFD7BF919A2507DABC4340F055FCEA5FEFD7BFA102A7EAD9BC4340B8ED974138EFD7BF77E0BED9D9BC4340B61A75EA0EEFD7BF558967BAD9BC4340FC9104E9DFEED7BFD1EB4977D9BC4340EF42E1A4BEEED7BF6109812FD9BC434070498075A6EED7BF540D81D7D8BC4340E04467879CEED7BF45D75879D8BC434082264B2FA1EED7BF04515C1DD8BC43401CACB7CAB1EED7BFA27701CED7BC4340596EEEEAA2EED7BF51F93DC1D7BC43401E7328E6D6EED7BFFF17C715D7BC43400FA6B732DBEED7BFB09B811AD7BC43404D503AF029F1D7BF8ADC218CCFBC4340125D936536F1D7BFA609E363CFBC4340131FF6296DF1D7BFAFA02B8FCFBC4340DCCFFF8A96F2D7BF968A087AD0BC43409F8EC67CB3F2D7BF19A6748AD0BC4340606B895E0AF3D7BF3CB11A82CFBC4340A8FB87924CF3D7BF21534CB8CEBC434065691911BBF3D7BFB902AA0FCFBC43405F5687141DF4D7BFF948A45CCFBC43401ED7C32241F4D7BFE8E449DCCEBC434057C1FAE08AF4D7BF4C7096D2CDBC43401A11C4038EF4D7BF57C864C7CDBC4340C4CAFDF4B8F4D7BF2707E129CDBC434074474B68E6F4D7BFF5EA113ECDBC43401B4AFEBA35F5D7BF6A0EE25FCDBC43404AA72284A3F5D7BFC1FC298FCDBC4340BABEF1B16CF5D7BFD791A4D1CEBC434047BEFC5860F7D7BF16A5E7A5CFBC4340EDC49D5291F7D7BF62682963CEBC4340AB77745B2DF6D7BF78ED4ACACDBC434017ABA3664AF6D7BFF15C38D2CCBC4340531FCD2454F6D7BFD511A9D2CCBC43407C1C7CA5B1F6D7BF6AA465D8CCBC434078F48A1F80F7D7BF037781E5CCBC4340803EC1C086F7D7BFF20FC623CDBC4340D7A111A7FBF7D7BFDFCACF29CDBC43404CB8C0B0FFF7D7BFDF7D4670CDBC434025FA498E47F8D7BF347CEB65CDBC434037F1986D87F8D7BF117CC865CDBC4340FF14DB8968F8D7BF3ECF03C0CEBC4340C87FD23D40F9D7BF82CCE31CCFBC4340521910EC44FAD7BF17A22D8DCFBC4340981A4D6632FAD7BFB32CA1F4CFBC4340AAE7B0BE7AF9D7BF3B5079DFD3BC434089322D2EF0F8D7BF5A5E7BD4D6BC4340F1795DF551F9D7BF71BF26FAD6BC4340BC6424BC47FCD7BFDFA62C01DBBC434055CED02942FCD7BF3A24420CDBBC4340B3DF328CE9FBD7BF77B65BBBDBBC434066C1EBC2E4FBD7BF02949BB6DBBC4340B185E14794FBD7BF7B24F053DCBC4340CB8E1C8EEAFAD7BFBC96E5A7DDBC4340F1F99EB9DAFAD7BF895707B4DDBC434009374EC3CAFAD7BF840243ADDDBC43401D9BBFE822F9D7BF9396D061DBBC4340,PALACIO ARZOBISPAL,monument
3,0103000020E6100000010000001A000000DAA5659F443AD8BFDEB9E25DB9BC43400AC6D45F4139D8BFCD6EB183B7BC4340992B69805036D8BFDADE3963BBBC434060D9D6E0A539D8BFDC116670C1BC4340199A63925C38D8BF3C90E01AC3BC4340C743FF7A0B35D8BF41CF2F13BDBC43408E989B061334D8BFC03F654FBBBC434058D93B45F633D8BF3E8BDA4EBBBC43409FE535DE0433D8BF6DB3FB98B9BC434043C31D310633D8BF76B6746CB9BC4340D441EA5B0B32D8BF83B288A5B7BC4340F9F7CB767234D8BF63EE9F70B4BC43406B5F10FA3835D8BFD013C568B3BC4340F90E3702A037D8BF473CA237B0BC434001F0BF71A237D8BF695EBE37B0BC434059CE5C38AB38D8BF60111E09B2BC434012E43AB4B838D8BF5AE50912B2BC4340BB35A298A239D8BFE16174B8B3BC43408517AA92A239D8BF78C2A8D3B3BC434039ABB08F793AD8BF99E53C5AB5BC4340C499FE38A83BD8BF03483481B7BC434098DDAC19AA3BD8BF82471185B7BC4340CC557B32103ED8BF4D30409FBBBC4340A64D87CD103ED8BFB334EDB2BBBC4340E18B92F0AB3CD8BF1AD1F884BDBC4340DAA5659F443AD8BFDEB9E25DB9BC4340,LONJA,monument
30,0103000020E610000001000000230000002D3E0DD11000D8BFCEF1C0E979BC434095D3303FE3FFD7BF80A96CAB7ABC43400E5C4A5355FFD7BF5B9D56027DBC434022FAD1B10BFFD7BF8FD4243A7EBC4340208F3B5463FFD7BF3BA983747EBC434036C302C84F00D8BF91184B107FBC434068ECA6AE6C00D8BF10FAFA227FBC4340FB60BA380600D8BF2AD7524480BC43409538E7D90BFFD7BFA2C2E2827FBC434038E74279A8FED7BF9FE0BFB580BC4340835EF328A8FFD7BF07DAB17981BC43407D196F3FD8FFD7BFED591E9D81BC4340ED471F08EBFED7BFF262948184BC43404570583AE3FED7BFE44FAD9B84BC4340F29CF63156FDD7BF7557BCA183BC4340179FE08E52FDD7BF2BACA9AD83BC434088D92A5706FDD7BF961B85B984BC43403B6E034B36FCD7BFDE3204FD83BC43406BC3E559C1F9D7BFF55F82C381BC4340EB6F56A3E9F8D7BF0574DBFF80BC4340C9DC785230F9D7BF6C58EADF7EBC4340DE093175E8F9D7BF21D5345679BC43401A7FA38F32FAD7BFF010F81B77BC434005CA8F2617FBD7BF5A54A8D176BC4340DA57C3B416FBD7BFFACC5ECF76BC4340B9C0CC5ED4FAD7BF331F7DCA74BC43407D971A3806FED7BFA1F1BDED73BC4340FEA2CEB406FED7BFE993C3ED73BC43405BCCB440A700D8BFE4D860C773BC4340169BC1799A00D8BF235D0ED074BC434081CEF21E8300D8BFA2CA36BA76BC4340AA577B1BB400D8BF8E43C3C776BC4340F3EF9CE3B100D8BFED6405D676BC43400F8924C55700D8BF3B9AACBE78BC43402D3E0DD11000D8BFCEF1C0E979BC4340,PALACIO MARQUES DE DOS AGUAS,monument
35,0103000020E61000000100000014000000BBAB53E47909D8BF2F69BC5228BD43404A1A8AEEE807D8BFDBA575A627BD43400888AA9DB408D8BF527902A324BD4340E7838F75AB08D8BF215B4E9D24BD43402AB838063709D8BF883F589022BD4340A07A7B204109D8BF1A3A9A9722BD434038ADFB560D0AD8BFAFB2E8911FBD43409F859C0F7E0BD8BF323B434120BD4340A9D89364070BD8BF0A030C1E22BD4340AEF3E5C9180BD8BF0EC7632622BD4340B184CC1C050BD8BF722B786322BD4340E7EE2D038C0BD8BF84F9AAB922BD4340811C0ED1320BD8BF5B7542EF23BD43405C450F05C30BD8BFE8274E5D24BD4340C18C2339560BD8BF6350E5E525BD43409793ED78C20AD8BFAAEAF09825BD434099B7077EB80AD8BFA11708BF25BD4340B93AB0233C0AD8BF38C2607225BD4340B873FFF8180AD8BFC9664EF725BD4340BBAB53E47909D8BF2F69BC5228BD4340,PALACIO DE LA REAL MAESTRANZA,monument
40,0103000020E610000001000000170000007F405B7A0CF5D7BFC66F09044BBC4340AA83A0810CF5D7BF23D786024BBC43401D24712CCEF4D7BF4F6FC3BA45BC4340C9EBB7A173F4D7BF867C331B3EBC4340BE3A2D5E5AF4D7BFCC002BF63BBC4340D05BF51368F4D7BF494B02F33BBC434013FD971768F4D7BFF0FE40F23BBC43402F3B4E2051F4D7BF4A7093EE39BC434032962E5A88F5D7BF7A3DC3CA39BC43402612336D85F5D7BFA20C196339BC4340E2FA5CD322F8D7BF2863C41339BC43400468129B29F8D7BF868CDF7D39BC43403E5265E95EF9D7BF8CE4755839BC43406A1B68E879F9D7BF159A366F3BBC4340C33207487AF9D7BF139F46753BBC434099823C9483F9D7BFB2C76D733BBC43406D5794DD9BF9D7BF9335B97E3DBC434082338016F7F9D7BF60A32F2E45BC4340946A2E8D35FAD7BFAE53276F4ABC4340646CE27244FAD7BFD69CC2B14BBC434003F0D1515AFAD7BFE5B80B884DBC4340C6B22E4F32F5D7BFC67E4CE44DBC43407F405B7A0CF5D7BFC66F09044BBC4340,TEATRO PRINCIPAL,leisure
53,0103000020E6100000010000003E000000E3184B4F5401D8BFE90449AF1DBC4340E195A33F5201D8BF7D4066671DBC4340A339892B4601D8BF2E75ADC21BBC4340EDA346C84501D8BF96BC5EBD1BBC43402EED6B1E4001D8BFD53EEBFD1ABC43408E12127E3E01D8BF1B14C5D21ABC4340AEEF289C3301D8BFB29F275619BC434084052A902F01D8BF275F4DDC18BC4340772D52C3B701D8BF47C695D218BC4340780A7454B501D8BFF3BEF5E817BC434063484D6A2801D8BFFFBA26EA17BC4340F88DD6782801D8BF8F8921E717BC4340D3625CDD0601D8BF899A7C7013BC43408E42CC460301D8BFA3942AF812BC434035E425AFEE01D8BF4CA78CE112BC4340A1482AE8B602D8BF207A63CF12BC4340D79603A75403D8BFF44799C012BC4340AC6C11D84403D8BF4D54FE4912BC4340834049773503D8BF0C346ED611BC4340EDF67B630703D8BF90A1B87810BC434019F6CFF6FD02D8BFC68F863310BC4340489F1ED9C902D8BF2DB8FAAB0EBC4340D32947C04303D8BFF946AFAA0EBC4340C97F83B84603D8BF77F43EC20EBC434026F31717C403D8BFD3BB15BE0EBC43401454FF6BC603D8BF1836C9A90EBC43400AAA264FF605D8BF76F70B9E0EBC43400585DE6EF805D8BF7711EE600EBC43405ADE83C57406D8BF19AFBE5F0EBC4340B53FF5947406D8BF4169B49D0EBC434029EB83FA0307D8BF44420DB40EBC43404EAF00F57607D8BF3B63B7390FBC434019B847E7AD07D8BFE4F5DBF60FBC4340410365BFD007D8BF7943860410BC4340EC38A864EE07D8BFA95A03BF10BC43400CCBAAECCA07D8BFB62D92D210BC4340AA651B408008D8BF253E642F15BC4340534A730A8508D8BF9221D64D15BC43402BDCF209BD08D8BF1D5D6D3715BC4340CE6CE544DE08D8BFC711B40216BC43401531F6CFA508D8BF079C941716BC4340DC09E4381909D8BF3AACD9DA18BC4340011346235209D8BF145B81C718BC4340DE1FA67A7209D8BFB700358E19BC4340B3166DFE3909D8BFA52598A419BC43401E2C636FE609D8BFD2625DED1DBC43400F787BBE0D0AD8BF91CB00DD1DBC43407732D3402D0AD8BF78301C9C1EBC434031C4D0690A0AD8BF23AE23A81EBC4340A028A1EA1A0AD8BF9B3D6C951FBC434061F87F6AED09D8BF6DE19F3920BC434058F49B819209D8BF8343ADAD20BC43406458AB46F908D8BF417D90CF20BC4340DE01432BF808D8BF3CC2750A21BC43409C328E627B08D8BFB5AE5B0921BC4340F8F1C5917908D8BF9B9E54CE20BC43402BCDE82D5303D8BF493BBBEF20BC4340A5296FE6E602D8BFD8AE65F220BC43409064ABE56C01D8BF866EC5FB20BC4340B10A42F96601D8BF4A89373020BC43408A56BBE36001D8BFD22546531FBC4340E3184B4F5401D8BFE90449AF1DBC4340,CORREOS,monument
62,0103000020E61000000100000021000000A7256277552DD5BF15AB12D539BB4340DD27F5B7D42ED5BF6DA3521C38BB4340F07B32128430D5BF6C13F4DF36BB4340AB188BF25232D5BFDB571F2C36BB434049B8548F2F34D5BF2692BD0736BB4340464BC5970736D5BF9CAC347436BB43406F501FE8C837D5BFF099596D37BB43402228233C6239D5BFBD5599E938BB4340335BEAD8C33AD5BFBC1357DA3ABB4340C744A627E03BD5BFCFFE7B2C3DBB434059FD4F3BAC3CD5BF790233C93FBB4340BA67263C203DD5BF6967C99642BB434027A8D8B4373DD5BF60A2AB7945BB4340E39765BEF13CD5BFEF9D745548BB434053000009513CD5BF2B13050E4BBB4340B5B59FC15B3BD5BF533498884DBB4340DAE742551B3AD5BF7508CBAC4FBB4340990B35149C38D5BF9B578C6551BB4340C31AEBB8EC36D5BF42F0EBA152BB434071041DD71D35D5BF2D4DC15553BB434006EBAD384133D5BF8834237A53BB43403A06A82E6931D5BFC9B6AB0D53BB4340CE8D06DDA72FD5BF69F0851452BB434011FA3A880E2ED5BFD906459850BB43405A2B4AEBAC2CD5BF48F485A74EBB4340AA1C099D902BD5BFB7C15F554CBB434016FF6B8AC42AD5BF74B5A7B849BB43405F0E0B8B502AD5BF1CAF10EB46BB4340C147FE13392AD5BF8E522E0844BB4340ABAA060C7F2AD5BF3ABA652C41BB4340A5B4B3C21F2BD5BF171ED6733EBB434026BCDB0A152CD5BFA42A44F93BBB4340A7256277552DD5BF15AB12D539BB4340,MUSEO SEMANA SANTA,museum
18,0103000020E61000000100000021000000341BDBCD5B3FD7BF1A3D4F9D26BC4340A8518AFDDA40D7BFBF0155E424BC4340589906508A42D7BFA525B5A723BC4340412F0D325944D7BF18889AF322BC4340FF45E3D93546D7BFE9F9F0CE22BC43408F1D52F60D48D7BFA627213B23BC43409784D762CF49D7BF9FBD023424BC43402AC01EDA684BD7BF124E05B025BC43405972E69FCA4CD7BF6B668EA027BC4340D59ACC1BE74DD7BF793789F229BC434038020E5FB34ED7BFF04A228F2CBC434089561590274FD7BF1A10A85C2FBC434014A5B7373F4FD7BF3A9F873F32BC4340CCFE256DF94ED7BF35FD5B1B35BC4340277CE3DE584ED7BF077305D437BC4340D3E266B8634DD7BF333DBE4E3ABC43404CCE6A65234CD7BF03F021733CBC43405A064135A44AD7BFF9721D2C3EBC43403F52B8E1F448D7BFC757BE683FBC434066553CFE2547D7BFF696D91C40BC4340CEB4C0544945D7BF0047834140BC4340C45DBC367143D7BF42B652D53FBC4340D73BEFC8AF41D7BF684770DC3EBC43400DF1DF501640D7BF5D896C603DBC4340E74FEE8AB43ED7BF7F1CE26F3BBC4340E5B9820F983DD7BFD703E61D39BC434019BD4DCDCB3CD7BFAAE74B8136BC4340A7CFBB9D573CD7BFE080C5B333BC4340DF0BBFF73F3CD7BFE2CFE5D030BC4340A231E6C3853CD7BFEBD411F52DBC4340416E7053263DD7BFEB37693C2BBC4340C917B57A1B3ED7BF669BB1C128BC4340341BDBCD5B3FD7BF1A3D4F9D26BC4340,PUENTE DEL MAR,monument
65,0103000020E61000000100000023000000FED930153C14D8BF1B0BEDDD57BD43401B05577E3A14D8BFAFD4A7E457BD43401D414B512514D8BFAE07A13D58BD4340EFE457A4A015D8BF1DE077F759BD4340B31C1C959F15D8BF8E66F4FB59BD4340DC9DC6299715D8BF0F69D31C5ABD4340A469204FCF14D8BFFF8BEC3D5DBD4340594A0ECF8812D8BF292A31BA5EBD434081217BD27E10D8BFD55B5B775DBD43404FF626685610D8BF6623CBF25CBD4340C291383B1D11D8BF3832ACD459BD4340E1D70ADA1F11D8BF8D7BF7CA59BD4340475E17DB7F11D8BFE372994858BD434036EF833AE310D8BFD32DD7E657BD434011133E901010D8BFCA05AE6657BD4340DA227FE5740FD8BFEA41B80557BD43405B7ACDC30F0FD8BFFA45759558BD43400B232BC00F0FD8BF5292369658BD43404D559B50460ED8BF8A0A97A35BBD43400FF5CE3ADE0DD8BF9CA8A8E35BBD4340E795BA6BD10BD8BF8555679B5ABD4340BE783DD9D60AD8BFC82E3D2757BD4340500B92A7BF0BD8BF591E798F53BD434048E4EAD8C20BD8BFF140428153BD4340838F9994600DD8BF5FB1A87654BD434072944D27870DD8BFB1B230D853BD43406DFFBE8CEA0FD8BFBF06282B55BD4340A79A39050610D8BF0056443C55BD43400D60F9936110D8BF60A9DDF053BD43408C0ACC6E6510D8BF709D4EF353BD4340517BEBC12412D8BF25886D0555BD43405FE8E2771612D8BFAB4F3D4155BD434035E32030BE15D8BF6266787957BD43408566D3487815D8BFF2B45E8658BD4340FED930153C14D8BF1B0BEDDD57BD4340,TORRES DE SERRANOS,monument
70,0103000020E6100000010000000B00000088C0414650D9D7BF0860789F89BD4340D0DDAEF344D8D7BF6B7AC2BC88BD43402861C5B0A1D8D7BF7B0CADB487BD4340330B32E106D8D7BF41DB184087BD43402D78000B7FD7D7BF4606DBB988BD43406D3035039FD6D7BFAF3793F687BD43405DC11EF97DD7D7BFEDFE148285BD43405315591FF6D8D7BFD7146CC786BD4340BCF3CF548EDAD7BFCD80D74E82BD43406B7616829DDBD7BFA13CFE3383BD434088C0414650D9D7BF0860789F89BD4340,REAL MONASTERIO DE LA TRINIDAD,monument
2,0103000020E61000000100000008000000703554480ADCD4BFCDB4AEFFC9BD4340902061003EDBD4BF8E1DE6E4C9BD4340EA2A669F6CDBD4BFDDCDAF5AC6BD4340A173D27437DCD4BF67DEA574C6BD434090F8D64EF0DCD4BFFDA2838BC6BD43406047FB4D56DED4BF069976B9C6BD4340BDE42C862BDED4BFA00BE046CABD4340703554480ADCD4BFCDB4AEFFC9BD4340,CASA MUSEO BLASCO IBAÑEZ,museum
16,0103000020E6100000010000000D0000008DAE3CC446E4D7BFA39AEB7E69BC434083CF6301C1E3D7BF2B18324A6EBC434035D13F9B16E3D7BF1AF7266A74BC4340EAFD6F3676DDD7BF747B15A372BC4340FF7B88C0E7DCD7BFAB0A977472BC4340B6A404C64BD7D7BF035C33AC70BC434084465CEED0D7D7BF5FE31AF266BC434005CA942061D8D7BF70D80F585CBC43406DAAFF985ADFD7BF4B29844360BC434076D316DD49E0D7BF0AB206CB60BC4340B992754CF4E1D7BF73017CBC61BC4340C40D0BEFEFE4D7BFE3B7826C63BC43408DAE3CC446E4D7BFA39AEB7E69BC4340,UNIVERSIDAD DE VALENCIA,monument
27,0103000020E610000001000000050000003990B648D805D6BF23E269ACF1BB434041A2A30D1605D6BFA1646538F6BB4340032C50141B02D6BF0F6E3806F5BB4340FEC1DAA2E002D6BFEA143B65F0BB43403990B648D805D6BF23E269ACF1BB4340,JARDIN DE AYORA,monument
34,0103000020E61000000100000012000000178B9CA2A4BED9BFC1E57D9191BB4340F0140DC0BFBDD9BF57C8BC7497BB4340705418DEBBBDD9BF1EE2CE7397BB434042DBC6B4F5BBD9BF4B1BE5CC96BB4340DA78F81403BCD9BF4B98CE7296BB4340B7FB8CF619BAD9BFFCC948C495BB4340ABC980597DBAD9BFCDF1501E93BB4340819D9D3662BAD9BFE8B78B1593BB43409C2CA29FC6BBD9BF1F8B72F689BB4340B0E155D6DEBBD9BF1B4F16FF89BB43405A249C674ABCD9BF4A47C65E87BB4340DEA9D1FD32BED9BF63158A0F88BB434005139F17B0BFD9BFAD3CBC9888BB4340D7A56897C2BFD9BF9000463188BB4340F53AEA4A55C0D9BFA40F716788BB434019BC9C0C2BC0D9BF5DFEAD7E89BB434060776BDDE1BFD9BF316AC26789BB4340178B9CA2A4BED9BFC1E57D9191BB4340,BIBLIOTECA MUNICIPAL,monument
36,0103000020E6100000010000000500000036697C8089CCD8BF505DD7CA10BD434079000C46D2CCD8BFD328FE4A12BD43407E2544B569CBD8BFEA94AFF412BD434031AA57751ECBD8BFD29FB07611BD434036697C8089CCD8BF505DD7CA10BD4340,JARDIN BOTANICO,monument
19,0103000020E610000001000000050000007B821454BA66D7BF8F6B7B2518BD4340D255BD69C667D7BF9B3889141ABD434080A6B51C2467D7BFA94E05E01ABD434024B75FBD1C66D7BF3188CCDF18BD43407B821454BA66D7BF8F6B7B2518BD4340,PALACETE Y JARDINES DE MONFORTE,monument
7,0103000020E6100000010000001D00000010E02B15C253D8BF8029A3F407BC4340C4337998C153D8BF2F8A9DF407BC43408C37A229C053D8BF0D130AF307BC4340A34012CE7152D8BFA29230B706BC43404027DFB91050D8BFD19DFC6A04BC43403B3E15A6914ED8BFD6EA8CF902BC43406AE7BF3BA34FD8BF1F8B5DE9FFBB43402CD18A842D50D8BF86FCAC6CFEBB43402F439A70A952D8BF0EA1E394F7BB43406435D4F8AA52D8BF57002E91F7BB43401E42E5003E53D8BF8905F2FBF5BB4340FEC264593154D8BF61CD9FC7F6BB43409DA1D9725D57D8BF50261B70F9BB43401D47BEC0C656D8BF5854C712FBBB4340E6210F864B54D8BF8BA5B6F901BC4340E2F19DA09455D8BF87D4BA4903BC4340169C22ED9855D8BF4539754E03BC4340CD3FBE519B55D8BF443BD55003BC4340AD5C73E9F155D8BF8D079FA803BC434084838562F255D8BF53F365A903BC43405FC0897D4856D8BF6C1E2A0104BC43405EEA9BF64856D8BF3F0AF10104BC4340576B2739FD57D8BFFC9F13BF05BC43403EA539B2FD57D8BFC18BDABF05BC4340D3EC33B5FC57D8BFF69990C005BC43407CCA71901F56D8BF3049CE300ABC43408E4373576754D8BF90C8F69008BC4340304829156254D8BF3ED86F8B08BC434010E02B15C253D8BF8029A3F407BC4340,IGLESIA PARROQUIAL DE SAN AGUSTÖN,monument
57,0103000020E610000001000000350000000419E7E881D4D8BF3C7692C3F1BB43405BA8EAFBAAD3D8BF34C8AC68EFBB4340883B147C3DD3D8BF9249C0C6EFBB4340B40A2A659BD1D8BFC7B8D941EBBB4340DF90A6D30FD2D8BFF3560ADEEABB434045FD1BB034D1D8BFC57AE279E8BB4340E373883CF2C9D8BFA87E093DD4BB43406C01FAF2A7CCD8BF7B40F6E5D1BB4340A90A98D8E8CCD8BF2690B0AED1BB43401F4FA8297CCED8BF92FFCF53D0BB43402DDBD7EF54D1D8BF9EA99DE4CDBB434075C08128EAD2D8BFA5EA168CCCBB4340FE37E02128D3D8BFE67AAF54CCBB43404F3835EAD3D5D8BF8E3BFB06CABB4340C727793F3CDCD8BF120430DEDBBB43401591C2321ADDD8BF234B8348DEBB4340B40C9857D6DDD8BF182C9C53E0BB4340022721C1DDDDD8BF27F35868E0BB43409F37995301DED8BF8EC03069E0BB43406D7B587221DED8BFD039256CE0BB43401AEF82BC44DED8BFAE08177CE0BB434095E69F556ADED8BF9890F092E0BB4340C064B7C88CDED8BFC246BDB5E0BB4340E7295EEAA8DED8BF65D57FD7E0BB434095FA948BBEDED8BF6B240902E1BB43401072AEBFCFDED8BF66EAA32EE1BB43405DA3BBEBF0DED8BF4AF86913E1BB4340BD55DAF4C5DFD8BF286B336BE3BB43409766794BA3DFD8BFFF28DF87E3BB4340A2DFE952AFDFD8BF8D616BAAE3BB4340A4C62DD5B8DFD8BF7C6263D1E3BB434084B29255BFDFD8BF4291C1FCE3BB434064937A3AC2DFD8BF67BA8A32E4BB4340DD224548C1DFD8BF27DB2165E4BB4340692979A2BBDFD8BFE556718EE4BB4340CB928EF9B0DFD8BFA8C915BFE4BB43404BC60DD8A0DFD8BFE5FE86F5E4BB4340698BA22093DFD8BF9CB42313E5BB4340CB8EBC278DDFD8BF7229AC19E5BB434024C49B579DDFD8BF0FA07F48E5BB43401979538657E0D8BFF9464354E7BB4340E356AE0A33E1D8BFE8517ABEE9BB43408707892E85E7D8BFF956998BFBBB43408DE5189BB4E5D8BF65E2862BFDBB434019344B71DBE4D8BFDFC2CFEDFDBB43402CEE56939BE4D8BFD2DB1B22FEBB43401023534007E3D8BF4C1E767EFFBB4340B6861B5932E0D8BFF8D499EE01BC4340A51BF8A89CDED8BF0EAC994503BC434065ADCE395EDED8BFF911797B03BC4340A5509031A6DBD8BF24AEA7CB05BC4340DB0B08125CD8D8BF36ABFB91FCBB43400419E7E881D4D8BF3C7692C3F1BB4340,MERCADO DE ABASTOS,monument
4,0103000020E610000001000000260000003793E256C8FBD7BF9238F008FBBC4340E8856A8DC8FBD7BF53C09CFDFABC434018672CBECCFBD7BF3A4007D1F9BC4340F7774CD82EFBD7BFEBFF38B3F9BC4340ABAC00F097FAD7BF2209AA8CF9BC4340E19FAC9BB7F9D7BF4C6A8941F9BC43404EFF0512AEFAD7BFBD373C21F3BC434098528C8AE2FAD7BFAB9C1DDAF1BC43404DD8C9120BFBD7BF80A972D3F0BC4340AE8E38FB21FDD7BFC5068E04F1BC4340782EDBFE21FDD7BF7BBACC03F1BC43406CD2CFD831FDD7BFF814E223EFBC43401708AF1C69FDD7BF9C14BD34EFBC4340AEFB05B188FDD7BF911CB33AEFBC434065013E3197FDD7BFD2876641EFBC43404CF83EA7A6FDD7BF2784E648EFBC4340709033CC96FDD7BF46661F0FF1BC43402FF390C896FDD7BF90B2E00FF1BC434078C83CA19DFFD7BF3A78803FF1BC43403E27315797FFD7BF3BE52840F2BC4340C1B8F91BA0FFD7BFD54F8E40F2BC4340E09872BDA1FFD7BFCC3C6685F2BC434049BE82B9B4FFD7BF42450387F2BC434036E5C0E7A8FFD7BF1DE553DEF3BC43408F9E576B95FFD7BF708672DDF3BC4340878994B790FFD7BF9B340122F4BC43407616737287FFD7BFE7735722F4BC43401DC29A1072FFD7BF28E9C0A6F6BC434019B8774E7BFFD7BF8F42EDA7F6BC43409E122C767BFFD7BFA19475EDF6BC434052F1D05D90FFD7BF86BFABF0F6BC434020369F9283FFD7BFD319F147F8BC434067D8958E6FFFD7BF59FD4D49F8BC43401F03E0D76BFFD7BFBEA3268DF8BC43408C07262B61FFD7BF86CA668AF8BC434001AD028943FFD7BFC3D34CC2FBBC43409D77A5BAC3FBD7BF4E623D1BFDBC43403793E256C8FBD7BF9238F008FBBC4340,BASILICA,monument
12,0103000020E610000001000000120000008CFB56B80E3DD8BFD523AEA921BD4340676AA03B0E3DD8BF7983A8A921BD434018D9686D403CD8BF6A757B2A21BD4340E891C2C49E3CD8BF3A75FC6720BD43404A095F79E73BD8BF76FFB6141FBD4340957F0910623DD8BFC870FC4E1DBD43401C4DE25C013ED8BF64FAD4731EBD4340E635CBAFA53ED8BF7E52BCC41FBD4340E19699F52B3ED8BFC4FDC02320BD4340250047D38C3ED8BFB9CD309420BD43400C75301CF23ED8BF5EAC59FF1FBD43401A32DD66A840D8BFC441F30421BD434036C516EC0341D8BF00318D2621BD4340EBC1EBECB740D8BFFBF09E8E22BD43401A9B346C1341D8BF27406DCB22BD43403487732B7A40D8BF477249F123BD434041C0D064D73DD8BF5C7C881C22BD43408CFB56B80E3DD8BFD523AEA921BD4340,PORTAL DE VALLDIGNA,monument
46,0103000020E61000000100000049000000F358639D084AD8BFA37C6850B6BC43404FD056A85949D8BF7AB67080B6BC43400FB8C63B2449D8BFEA86698FB6BC4340163AD8922049D8BF29518BB6B6BC4340AB6A8F211649D8BFB3AF68C1B6BC434065E1B4AB0F49D8BF0A42EBC7B6BC434038C07BDD5948D8BFB14A27F9B6BC4340B0C2AC744848D8BFE31E91F1B6BC43403F245C904648D8BF706D75EEB6BC4340F322751B3E48D8BF049D73DDB6BC4340711085B20848D8BFC41CABEBB6BC43403239F6E45347D8BF43BF6F1BB7BC4340B74E37B84347D8BFAE39FF1FB7BC4340D4891CA26B47D8BFC1B51C75B8BC434079C92ED28C47D8BF3193F0AAB9BC43403379355FBD47D8BF3DDA633BBBBC434023C9080E4D44D8BF9FC95D34BCBC43401619396FE243D8BFEE546876BBBC43408E94A80CB743D8BF6FA61F28BBBC43407FC8B3D69043D8BFF9B9E5E3BABC4340966D0EAD4043D8BF7C96F652BABC4340CB76A28DEF42D8BFC5E43AC1B9BC4340D82BC05C9F42D8BF0157CE31B9BC4340C69E36AC4F42D8BF461BA6A1B8BC4340DA89A4681B43D8BF276DF456B8BC43406BA2D436E642D8BFED1134BAB6BC4340124665DCE242D8BFAC7F07B7B6BC4340B82968ECD642D8BF3BCAA4A9B6BC43404FE6316CF741D8BFD1C3C1B0B5BC4340AB351B5CE341D8BFFC22B19AB5BC4340D008C432BD41D8BFE5EE129EB4BC43405F2F0CE57B41D8BF965F7AEAB4BC43403FC455CF6341D8BF48EC0C59B4BC4340DC5A579D5341D8BFD93FD5F6B3BC4340D0322376A641D8BFFCBFC012B4BC434010B02C6D8341D8BF70E56325B3BC43401A4090EA3742D8BFB6ACBC9AB1BC4340E065F4CB0842D8BF2B1D81ABB1BC4340022C942C0442D8BFEA0E2936B1BC4340D505EDA44E42D8BF2324D922B1BC43404DF26C363142D8BFDD3ABFF4AFBC4340BF7AA8983046D8BFC09B16F0AEBC434031DE2A242E46D8BF35000AD7AEBC434084177D873046D8BF013DB8BFAEBC4340DA32A9724946D8BF25BEEB88AEBC43405EAC34E07F46D8BFE44352C6AEBC4340B3569BFB8046D8BFCF9B43D9AEBC4340EDF978C20447D8BFB01CE9B7AEBC4340DC056C420147D8BFCEBF97A2AEBC434041824A762547D8BF020A134EAEBC4340BEAD77D14947D8BF6B8D3B73AEBC43401277A12D5347D8BF811C0F88AEBC434016E96A255547D8BF041816A1AEBC4340723C3D9C1A48D8BFBC96C76CAEBC43406A5487C46949D8BF58759B13AEBC434012E1F4589F49D8BFD552CFE9AFBC4340BE7A6C8AC249D8BF1F7AB41CB1BC4340FF407E37D349D8BF09506917B1BC434004281C44D749D8BFA4E26C43B1BC4340E5096E77E649D8BF8625D23EB1BC43408042ABCBEC49D8BFA1204073B1BC434066E38EF6D049D8BF0CD2778FB1BC4340FF5D13AFBC49D8BFB994DFB8B1BC434044E2E10FD649D8BFD71744A1B2BC4340F3BFAFC7F249D8BF834EC4BDB2BC4340C8DC393B124AD8BFBD5D85CAB2BC4340C183C212184AD8BFFBB8EDFEB2BC43405C1239D5094AD8BF65025504B3BC4340264F6DE80C4AD8BF53554D30B3BC4340DC4BF2C2FC49D8BFF8395A33B3BC4340DFB072C6294AD8BFB9CC71CAB4BC4340CBADAF9C524AD8BFDB7C513CB6BC4340F358639D084AD8BFA37C6850B6BC4340,IGLESIA DE LOS SANTOS JUANES,monument
61,0103000020E610000001000000450000008F250B6EF941D8BF9623AE1AF7BC4340830D3487FB41D8BF69F0EDAAF6BC4340AA0CC6BA8D41D8BF8C481B96F6BC4340629865737C41D8BFE74B3D71F7BC43404C6295284840D8BFB5DE682BF7BC434047A4B0931B40D8BF94D75A6EF8BC43403B09CBB62D3FD8BF5652BB50F8BC434001791896EA3ED8BF70D96948F8BC434046BF633A683ED8BF1EE6F337F8BC4340E936D0816C3ED8BFA635E7D5F7BC43406D927E0A773ED8BF171A8BC2F6BC4340DBF9C758093ED8BF000821C2F6BC434022CB910A103ED8BF735B69F9F5BC4340D263C981373BD8BF1CE7B649F5BC4340A0A5F7B6313BD8BF12AE69C8F5BC4340341DB8BBA23AD8BF966A1DB5F5BC43402FEAC6A1A53AD8BFF3EA9C82F5BC43403CAE4A7C793AD8BF8D05CC76F5BC4340144C346E6A3AD8BF19D9B43FF5BC4340DEC4F266753AD8BFDD9FC2E4F4BC4340AF367595743AD8BF4D1669DCF4BC4340581FC3DFA33AD8BFA78DBE74F4BC43404D2C01A9173AD8BF38ED62FEF2BC4340532B72502F3AD8BF1A936FD3F1BC4340E1E130B0313AD8BFA71FDFBCF1BC43404EF84D907939D8BF151CAA7FF1BC434007C7CB227A39D8BFE0F1277BF1BC4340F61126447B39D8BFF9E9E472F1BC434029BC151C9839D8BFE2AC159FF0BC4340A148E9F49A39D8BF6A264C89F0BC43403030F09BE539D8BFA46950A0F0BC434034259284E839D8BF8A7833A1F0BC434061E4314EEA39D8BFC07BE68FF0BC43402CD7D7D6573AD8BF78CFC3CCF0BC4340BD0B2AAE323BD8BF2ED013E7EFBC4340203A485F303BD8BF63FE2BE0EFBC4340CCB0D0501D3BD8BF7F1F7F94EFBC4340A648E6472E3BD8BF00D7CB99EFBC4340311C05253D3BD8BF6BD85425EFBC43400375D4C3DE3BD8BF4C31AB32EFBC4340456E1407AB3CD8BF5466054EEFBC43400AC13532DA3CD8BF62EFAE54EFBC4340FE84D037EB3CD8BF1773F656EFBC4340FC131229083DD8BF7516DE7DEEBC43408E9825A86F41D8BFB02FFEDBEFBC434012A4B456A542D8BFFFDEA925F0BC43402D20350B9942D8BFE01E23ADF0BC43407F04EB879942D8BF04BF28ADF0BC43404B409C81CA42D8BF00B275BBF0BC4340059A4BB0C242D8BFC91050D6F0BC4340BC867B95BE42D8BF655228FBF0BC43409B6A8D55B342D8BF4654E67EF1BC4340A93A35096642D8BF520DEF97F4BC43402CCE46C45842D8BF5E0C5D1FF5BC4340E408EC2ED142D8BFBE87F439F5BC43405049EE30FC43D8BFCE75E080F5BC43401832C64DF743D8BF7D6AE46EF7BC434086BEDF02F743D8BFC9777198F7BC43405C73C842F643D8BF89B5F52BF9BC4340253425CB5A43D8BF567E6B42F9BC4340210255369842D8BF3F33AC5EF9BC4340C4DC61485342D8BF69146968F9BC434029E7D7FD3342D8BF2F6F0B6DF9BC434041E03F173442D8BF0D58C267F9BC434056038A9D3442D8BF414BD24BF9BC434066DA25651542D8BF8827AE4CF9BC4340F43461944042D8BF155E5C9EF7BC4340679113C3F741D8BFAC28798DF7BC43408F250B6EF941D8BF9623AE1AF7BC4340,IGLESIA PARROQUIAL DE SAN NICOLÁS,monument
5,0103000020E6100000010000003C0000000C011989D892D8BF05646EFBEABC43408CE2B05CE792D8BF0ED0E3A6EBBC4340B96613929B92D8BFD27B97B2EBBC43407EB9ED1B8F92D8BFF5A1040BEBBC43400D45D2BF8E92D8BFA7523304EBBC4340F61816393B91D8BF5A02FF41EBBC43403C5FDC593391D8BF70CBFA97ECBC4340E265ADB13291D8BFC5C504A1ECBC434089078925A390D8BF921E274FF5BC434044C5459E2B90D8BF992B2539F5BC4340E4814C83B690D8BF1A002999ECBC43406C059FE0B790D8BF7E0D5E6AECBC434073CCE0D8BD90D8BF2E98DE5FEBBC43409C04CE56BF90D8BFB7F3472AEBBC4340410DEFA0C390D8BF5E61FC6CE7BC43402840F0472D90D8BFF5448990E7BC4340C3E3E33C1090D8BFF29BE5ACE4BC43402D210104DB90D8BF152A6361E4BC43405553E0DEEC90D8BFC39EA45AE0BC43407C3DD0677191D8BF6871F42AE0BC4340FAD630647191D8BF15BEB52BE0BC43401A3ED442B291D8BF52F46610E0BC43400C42A5545592D8BF47C966EADFBC4340B673B2FCC192D8BFDC8516D4DFBC43405624F7361C93D8BF00FA8DECDFBC4340DAF1C3897B93D8BF7EAB4D2DE0BC434054B75282B993D8BF1557A478E0BC4340DA3FDA44E493D8BFDD8573CEE0BC4340D3747BFFFF93D8BF4026CE1FE1BC434056B6B2061594D8BFA8918184E1BC4340D84573631D94D8BF5301A3E8E1BC4340E3B6B0621894D8BFC5558057E2BC43401F02BBD80794D8BFE19D88BDE2BC43404B89E6C6ED93D8BF7A1CCD17E3BC4340343C5CB9C693D8BF82696A68E3BC43401F3FF3A29493D8BF35FA76AFE3BC4340995ACF636393D8BF32ABA8E3E3BC4340A21C6F083093D8BF6B656006E4BC4340D7671E10F492D8BF3BC26420E4BC43402893E92BBB92D8BF6B833C32E4BC434057FE82F17F92D8BFFA17AF3EE4BC434035A40F3F4B92D8BF2179D840E4BC43409C88CE2D6492D8BFD81FA7ADE6BC4340468C4A866492D8BFC4BB39B5E6BC43409DD4B5BEAA92D8BF8CCA9BB4E6BC4340999F9250ED92D8BF32A1ACC0E6BC434028A7F3CD2693D8BFADFBF4DCE6BC434072EADE197393D8BFBE4C5C1EE7BC43405960E9F0A693D8BF50F7F363E7BC4340128952A0D893D8BF34757ACEE7BC43403BB60E1CF293D8BF18EA992FE8BC434035EDE2D1FE93D8BFC993E3AFE8BC4340D974A1FBFD93D8BF7A229510E9BC4340B17FDFE3F393D8BFC802DC70E9BC434049AD9950EA93D8BF2F03819BE9BC4340533D60B7BF93D8BF09CC350DEABC4340E54A8A388E93D8BF51ACB068EABC4340D85ED2BA6093D8BF43469CA4EABC43408F3D5DDB2193D8BF85716FD7EABC43400C011989D892D8BF05646EFBEABC4340,TORRES DE QUART,monument
6,0103000020E61000000100000024000000778D02D691FBD7BF763FF34871BC43408E83A5BAC6FBD7BFEEC9393C71BC4340F8BCA0AFDDFBD7BF62C6245772BC4340982E2E2FF4FBD7BFB187877073BC4340615A877200FBD7BFE4C8BAA273BC4340B60D1191D0F7D7BFD8B2A94A74BC4340FDFEABB260F7D7BFE525DDE16FBC4340DA440B1AF4F6D7BFBAC7769A6BBC43409B767E2F8BF6D7BFA82EDF4467BC4340DF0A663BA5F8D7BFCCF14AE766BC4340D8DA9C32CBF9D7BFB6FB56B466BC4340C3201CCEE9F9D7BF94B8FF2468BC4340476A542227FAD7BFBD652E5E68BC43407C6FCAE107FBD7BFAF5EAC1068BC434085BBABD6E1FBD7BF0ED058C167BC4340C3E1ABD22EFDD7BFE8F9E70B67BC4340EF17B6CF2FFDD7BF30F2310B67BC4340031A0B2C48FFD7BF17C61CD065BC4340E5B149F0C1FFD7BF35E5878865BC4340A2E4534AEE00D8BF0EEC207A69BC4340671A13D62001D8BF75A52E6F6BBC43408EE515811FFFD7BF9B1BAFD46BBC4340035327C683FED7BF2AD71B446BBC43400931711D09FED7BFAE72A1706CBC4340A5A07FEC29FED7BFDEF2406C6DBC4340D7C5DA90D3FDD7BFF07C9A896DBC43407460B03F12FDD7BF83E4EDCA6DBC4340A45B7D1E15FDD7BF13A9C6E76DBC434050C7CA9746FCD7BF4218872B6EBC43405202979266FCD7BFF2BC16876FBC4340717BB4B826FCD7BF88522AA06FBC43404181EE5034FCD7BF9831B93E70BC434066D562F4B4FBD7BF0132C15E70BC43406078F3EBB6FBD7BF6234C87770BC4340149E0B9D7CFBD7BFD9E0488770BC4340778D02D691FBD7BF763FF34871BC4340,IGLESIA DE SAN JUAN DE LA CRUZ,monument
8,0103000020E610000001000000270000004EE5960218B1D7BF95D975A3DEBF434048BFFAF4C3AFD7BF04164B7EEBBF4340CFA2281F21B0D7BF79B1AB97EBBF43402A6BDAC505B0D7BF2D0B8568ECBF434025368F22A8AFD7BF3E7D5D4EECBF434089CE7AB14DAFD7BF7C9D45E0EEBF4340853BA35146AFD7BF45D71A17EFBF4340211E84FDA0AFD7BF4B696433EFBF43400DBD974485AFD7BF86BC2DFEEFBF43407DF82D2E2AAFD7BF660818DEEFBF43404176BCB90CAFD7BF360B29B7F0BF434086371F3B1BAFD7BF9CD7DCBDF0BF4340341807CAE4AED7BFAC2EF851F2BF434062689160D4AED7BF21E7E948F2BF43403096F2CEB6AED7BF0A480528F3BF4340F7EFF5D312AFD7BFBB2E6A4AF3BF4340E7E17952F8AED7BF77C16808F4BF4340794E5E189EAED7BF03B468EEF3BF43402648FFB03BAED7BFF96F69BCF6BF434036390ED696AED7BF67FB79D9F6BF434031AE38277AAED7BFD3B376A3F7BF43406561E68B1DAED7BF1B365586F7BF4340F216F328F7ADD7BF44159D4DF8BF4340A90C69A89BABD7BF9E21B69004C04340120E75761BABD7BF46F0FF2C07C0434086F1BE13B0A3D7BF58F7BB7803C04340B689C29C36A4D7BFCC9B6DF600C04340E2E8CAB2DEAAD7BF1ACF453404C043402F2600E181ACD7BF5BD9B63CF8BF4340279B11502DADD7BF3F127156F3BF4340A45F16A463ADD7BF682260C8F1BF43408595CBF099ADD7BFFFC8D13BF0BF434021C08D90CEADD7BF47EF85BAEEBF4340EDCDA2FCD1ADD7BFC8713AA0EEBF434047B2630F14B0D7BFA159CD21DEBF434008B0C7D55BAAD7BF208C2138DBBF4340C41991E6E0AAD7BF2B2C109CD8BF4340DB7880C960B1D7BF7D4369E3DBBF43404EE5960218B1D7BF95D975A3DEBF4340,ANTIGUO MONASTERIO DE SAN MIGUEL DE LOS REYES,monument
13,0103000020E61000000100000011000000C13B18011BC1D7BFC84A3BDE07BD434045168E50F2C0D7BF3251FEE907BD4340632C9B9255BFD7BFCAC1585F08BD434032EEA1EE10BFD7BFCADC2A2006BD4340B29A6F010EBFD7BF7940570606BD434057D6B824BDBED7BF83DC576103BD4340CB79B38875BED7BF1A3D9A0A01BD4340F6FA88CF99BED7BF6A0C270001BD4340B7D1042415C0D7BF26EB669800BD4340A15797CA57C0D7BFBDFB418600BD4340ED3334C03AC7D7BF3E4E7A9EFEBC4340DDA7A3D753C7D7BF1B5F867BFFBC4340717DB3C575C7D7BF47DB2086FFBC4340A4BE6013ECC7D7BF638508B503BD434015D544B55CC9D7BFBE6ECC3404BD4340AFDCF068DBC7D7BFDB3360F305BD4340C13B18011BC1D7BFC84A3BDE07BD4340,PALACIO E IGLESIA DEL TEMPLE,monument
9,0103000020E610000001000000250000003860F782C730D8BF4976A59710BD43408AD8BC0B1830D8BF7F57B4820BBD43409FE95774A930D8BFD59EB9620BBD4340D272F977A930D8BF6E52F8610BBD4340DF08C1A9CE30D8BF493B910509BD43400A549042EB30D8BF7D81623B07BD4340A56825D31831D8BF29D0D75804BD434041B0C4B50E32D8BF2985BD6A04BD43409CF3F977EC34D8BF103E41A004BD43402F5CA9E45E35D8BFEBD970A804BD43400149EE023535D8BF0D9A215F06BD43406816DA8F1E35D8BFCC86E64907BD43402277A15DB135D8BFE3C0744707BD4340E26939FAA635D8BF619AF56C08BD4340199F397C9E35D8BF934D6D6109BD4340BE1EA7977F35D8BFDE7198EC09BD4340E6C9E7D37B35D8BF508451FF09BD4340C083B6317035D8BF548672970ABD4340A34BDF77DD35D8BF4F978B810CBD434044593B802936D8BF2F2183D40DBD43400E313EE04036D8BF34F0DA3D0EBD4340D0D0238AC536D8BFF97D8A9010BD434089683B93DB36D8BF10537D8B10BD43409BA78474DC36D8BFF07183AA10BD4340EFF57262E436D8BF427447A711BD43409C1D3D52F036D8BF7B92292013BD4340F4EED8A81736D8BF70A5BA4313BD434090150DECD134D8BF7505CD7913BD4340CD9A5B2D4734D8BF1CF764A213BD434069AC95F64C33D8BF53291EDB13BD43405BBFDD4B3433D8BFD83ECF1A13BD43400DB640129332D8BF78BF2A4613BD43409324284D1232D8BFB629D07C13BD43407435A7193731D8BF2FC0B2D913BD43403F4EEDB92F31D8BFC7F9FFA813BD43407690F63F0131D8BF0928FC4512BD43403860F782C730D8BF4976A59710BD4340,"PALACIO DE LOS MARQUESES DE MALFERIT,O, DE LOS CONDES DE BRIZUELA",monument
47,0103000020E6100000010000002C000000B1FA4BF21D7AD8BF449B015A56BD434046EE1BA4E579D8BF0E94703256BD43401CD671B5DF78D8BFC67DBBCF55BD4340739D6EBB8479D8BF59C709D653BD43406EF126B0AF79D8BF6AE3745153BD4340A3821E53987AD8BF811651D053BD4340BC3DE62FF27AD8BFA8D47CF451BD43402D3E90833D7AD8BF6037BB9A51BD4340D8335AD7557AD8BF3514804F51BD4340FFBD4E81D47AD8BFAB4642CF4FBD4340A2986C56397BD8BFC4A3729C4EBD434020A56DE08A7BD8BFCDE470CA4EBD4340CA3D8875C07BD8BF3A0C32AF4DBD4340BC210AA68E7BD8BF4A954D994DBD43405F8CB4400C7CD8BFAE498C1D4CBD434008EF2417117CD8BFDD4795054CBD43402A39ED7A5E7DD8BFED47D2734CBD4340A2396ACA9F7DD8BFDB0229BB4ABD43409DAE4C7F647CD8BF986AF5494ABD43403BCC144E527DD8BF33C4F08644BD434034952AC8387ED8BF7ADBE4DC44BD434039AE793D737ED8BF19D898D742BD4340F17E07F3A37DD8BFBC9F448D42BD4340BE7CDE07C57DD8BF325734C141BD43402215296E8D7ED8BFB565000F42BD43406E9F3F048E7FD8BFA2BF698039BD43408C855003E47FD8BF87069C3A37BD4340567CFAEBE67FD8BFE5077F3B37BD43409F7614605E84D8BF64AC2F6F38BD43404EB5B6016084D8BF28EF306638BD43407B596DAD0D88D8BF4A2BEF6139BD4340351562930C88D8BFFCA0AF6839BD434039129D1C6F8CD8BF48B6E9993ABD43409C4B4EB3E58CD8BFD11F55B23BBD4340587177DD9C8AD8BF3981A1EF47BD4340CA099B3BA08AD8BF93B70CF247BD4340B93B04A05D89D8BFFE137CB74EBD4340B1761AC85889D8BF7E50C1B54EBD43404E1AA2CE1687D8BF6D8CA4D65ABD4340E34087ED2D86D8BFE329BB9C5BBD4340074D35000E86D8BF66A7338F5BBD43405F633CCCF585D8BFF582CC855BBD43406947612C1D7AD8BFE9D73A9D56BD4340B1FA4BF21D7AD8BF449B015A56BD4340,BENEFICENCIA,monument
11,0103000020E61000000100000023000000D297FF5758E6D7BFF9C19132F0BC43406AC4AE2119E6D7BF2D492A3CF6BC434047E959C590DFD7BF825773B8F4BC4340C10988632BDED7BF0ADE18E9F3BC43407D59B0775FDED7BF3A69A71EF3BC43408AA83D2FF8DDD7BF14953931F2BC434004F22736A3DDD7BF42AE6952F2BC4340129B4FC299DDD7BF5C22BA0EF2BC43401E6F58298CDDD7BF8C5BD80BF2BC434077D4010EB8DDD7BFA049AD6CF0BC434065EE8139C6DDD7BF76EA0C6BF0BC43402093EE39DDDDD7BF9A07A832F0BC43402A1A406825DED7BF4457397FF0BC4340F4C5FEE0B7DED7BF152518BFEFBC4340538EC085B2DED7BF638A0371EFBC434086763C4CAADED7BF997E9E6DEFBC434093ACC761E3DED7BFE2E97468EEBC4340F70D0E4DF2DED7BF3BFF1D25EEBC43400CFFCBDB00DFD7BFC757CC28EEBC4340FF2E47293CDFD7BFF7A66015EDBC4340D99E71C4B5DFD7BF09E4643EEDBC43405C8F7B5CACE0D7BFAD621792EDBC4340243F4057B2E0D7BF2678C90CEEBC4340E68822BEB2E0D7BFE5E45611EEBC43406E4759EECFE1D7BF37980A47EEBC434035011A8E12E2D7BFFD4574C8EBBC4340A9F9B99E0CE2D7BF2CA406B3EBBC4340E9AEAA7F8AE3D7BFF94C6514ECBC4340FC0D10F81EE4D7BF88FDD83AECBC4340EAA2EAF6D3E4D7BF73C4D068ECBC43400FA9C54FC8E4D7BF9CBCB201EDBC4340482C7CE07CE5D7BF73A79F2CEDBC4340F78A478B6AE5D7BF364E7C0BEEBC43401A756B4B6DE6D7BF4A23192DEEBC4340D297FF5758E6D7BFF9C19132F0BC4340,IGLESIA PARROQUIAL DE SAN ESTEBAN,monument
14,0103000020E6100000010000001A0000004D1E1F465714D7BFFB123F61B1BB4340A18CDD70A612D7BF3895E85FB2BB434077F2F7B57212D7BF9E1C8A94B1BB43407EF367314D0ED7BFCFDD2626B4BB434040ABDFF3AC0DD7BF1AD107E9B2BB43409D785967C20BD7BF72440F1CAFBB43409EBE7F6E7C0BD7BFF5567DA1AABB4340AC95690F5F0BD7BFF8ED02BEA8BB4340E5F5EF6E850FD7BFB09F7C32A6BB4340ED5D02E5860FD7BF049E8D32A6BB43404DDA4A965A0FD7BF62702B7BA5BB4340D642A5E81711D7BFE35D736CA4BB434025C6F455CA0FD7BF92EDA9839FBB434006E54F43AD13D7BF83D88C349DBB4340C457A4E6ED14D7BF5B9B6911A2BB4340E8BC0415F114D7BFCAFDA51DA2BB434045882C414F15D7BFD21178E5A1BB4340B52DA8DDD916D7BF67228EFEA7BB434020434A751817D7BF6BA63FF6A8BB434054F4C8639618D7BF822320DCAEBB4340E69288FC8F18D7BF19FF9CDFAEBB43404C7964834618D7BF73D1E20BAFBB4340D0E0DA664718D7BF06EC7510AFBB434020BBFC598A19D7BFAF533AF4B3BB4340111CC51E9E15D7BF16D4E25EB6BB43404D1E1F465714D7BFFB123F61B1BB4340,PALAU DE LA MUSICA,monument
15,0103000020E6100000010000002100000018FBA4502014D8BF0633376F93BC434076D12A7A9F15D8BF009425B691BC4340FDA23CCA4E17D8BFE87C6B7990BC4340FA6FAFAD1D19D8BF17CF34C58FBC4340FD6CBA5AFA1AD8BF766F6EA08FBC4340E29EF37FD21CD8BF0526820C90BC4340F65D82F8931ED8BF4CB7480591BC4340AA849B7E2D20D8BF1DBF328192BC43402EEA6B558F21D8BF4CBCA67194BC43408CFDE9E3AB22D8BF76AF90C396BC4340B29C9B3A7823D8BF0EC81D6099BC4340B03A2C7FEC23D8BF5BEB9C2D9CBC43400FB3B0390424D8BFB5727B109FBC4340C84EA080BE23D8BF586D54ECA1BC4340EEF0D1011E23D8BFD6F607A5A4BC4340655424E82822D8BF79E8CF1FA7BC43406810D49EE820D8BF8D414744A9BC434041C5D374691FD8BF2D285AFDAABC4340189AB523BA1DD8BF1548153AACBC4340806CCD3EEB1BD8BF95974CEEACBC43408DDD1C900E1AD8BF2F191313ADBC4340A2174E693618D8BFBBFFFEA6ACBC4340F28077EF7416D8BFBD9537AEABBC4340F8289668DB14D8BF53604C32AABC434096B19B917913D8BF920ED741A8BC4340FD1398035D12D8BFDCD3EBEFA5BC43409FCDF2AD9011D8BF64B25D53A3BC43401691D76A1C11D8BF77EDDD85A0BC4340A7AAF8B10411D8BF1544FFA29DBC43400BA29E6C4A11D8BF59AC26C79ABC43407FD7B4ECEA11D8BF9FFB730E98BC434021A72A07E012D8BF9637AD9395BC434018FBA4502014D8BF0633376F93BC4340,PLAZA REDONDA,monument
17,0103000020E61000000100000037000000473D6924D6A5D7BF0E134F05BABC4340C68DD3CA4BA1D7BF3E425FC1BCBC4340CF279D1C54A0D7BF7CAB2638B9BC43404E875A8C739FD7BF5B67E7C8B9BC4340A08416AD8DA0D7BF6FABEF74BDBC4340A8A1D77DA2A0D7BF8764FC62BDBC434026813AB509A1D7BF7D47F9BABEBC4340DC61DC0AD19FD7BF58D47DABBFBC43409FFEEE48C89FD7BFAE24A590BFBC43409FCFD042149AD7BFC1150691C3BC4340033A881D1C9AD7BFDF000DA8C3BC434090A6F830E998D7BFE80B6C84C4BC4340A880EE807898D7BF615BA51DC3BC434034878CAA9398D7BF993F3A0BC3BC434094AECAB73D97D7BF32E445BCBEBC434047CB2A14D596D7BF0E171500BFBC4340E9A4DE33F594D7BFA6C09B75B8BC434095C5FC38A194D7BF3EF3C5AFB8BC434096CFBB444E93D7BF55EE7A43B4BC4340DD4D8E0C7C94D7BF757B3C75B3BC43405A1AF7293394D7BFED145A7FB2BC4340108E17331794D7BF5F022221B2BC43405747B2B6C993D7BFFE79AE1CB1BC4340795452AC7194D7BF231A5AA8B0BC434015E5FDD3B794D7BF1E9F6277B0BC4340F19E99493795D7BF16A9B11EB0BC43400F7D88EC6D94D7BFB71DFA30ADBC4340DDF00BD8E595D7BF49331B47ACBC4340FF9E6B82C69BD7BFCFFEE79EA8BC4340749AA9CC849BD7BF775B7496A7BC4340A7010BD7519CD7BF6858793AA7BC4340525639B5859CD7BF33442F33A8BC4340F59BE1C7A99CD7BF69CB9C19A8BC4340380CCCCCF19DD7BF610DE3C4ACBC4340B66FF84B86A1D7BF8E77EA5CAABC4340968DC05230A0D7BFF5EEA2C1A5BC43401BEB2AA9A59FD7BF486BD219A6BC43403ED73392359FD7BF41725593A4BC434087902B0303A3D7BF82368316A2BC4340DE324C059CA5D7BF6E85787BA1BC43404C62FB8CCEA5D7BF77E2388AA3BC434008CB706ABDA5D7BF7011FB8DA3BC43408CCB3DA617A6D7BF6B683363A7BC4340D1E07E4529A6D7BF6CDE765FA7BC4340E56A54FC7FA6D7BF0F81BBECAABC4340F679D6526FA6D7BF03A244F1AABC4340C5A92614CCA6D7BFD36611C2AEBC434059112FC7DAA6D7BF99FC32BEAEBC43402EF5C48D09A7D7BF8F3239C5B0BC4340E31D7C8609A7D7BFB3CABBC6B0BC4340867AFD963BA7D7BFF6B21808B3BC434017854A98BAA7D7BFC6241ABEB8BC4340F091723821A8D7BF6FBA9C57BDBC4340CA6E0254BEA6D7BF59B23624BEBC4340473D6924D6A5D7BF0E134F05BABC4340,REAL CONVENTO DE SANTO DOMINGO,monument
20,0103000020E61000000100000029000000902DC7DA6744D5BFB660D50282BC4340C004B00E4744D5BF531E60EF82BC43407BFD58321D44D5BF4DE6001E84BC43400CF25EDC3A42D5BF87C86E8D83BC43408EF1091D8842D5BF80BA116A81BC43403017E7663940D5BF83F5FAAD80BC4340FDC337179B40D5BF7341A38D7DBC434001E23A6C0440D5BF3CE5A45B7DBC4340CEBE030AA53FD5BF3596DF1C80BC4340869E17CC1940D5BFDB5C7C4380BC43401696655FFD3FD5BFC33F4A1781BC4340AE2A8E728A3FD5BF4AB4CEF680BC43401D9722206B3FD5BFC947A9E281BC4340617BE3CE0140D5BFC960E61382BC43407A6DBF71E63FD5BF4FF737E382BC4340BBD6F27EE43FD5BFE30F21E382BC4340149EAA83C43DD5BF8ACE634482BC43406BBAD28DE53DD5BFA0D0B46481BC434031953BCE6A3ED5BF0D5148C67DBC4340B50D63C1703ED5BF225B92A77DBC4340E8AF2647A03ED5BFC58355697CBC4340249E4EB3843ED5BFA2563E5E7CBC43408D9C15127A3ED5BF8F9D38597CBC434007FE53109A3ED5BF339E447D7BBC43400BCA9D51A33ED5BFEE69B17D7BBC43405BA826D3A83ED5BF2ADAB15C7BBC43407B70859AC43ED5BF88742C917ABC4340C5FC5A9FC93ED5BFC92A27707ABC43408F1C0C7ABE3ED5BF4B4D9E6C7ABC434080BBF9F4DE3ED5BFDE06B09079BC434029873AB8EA3ED5BFAEFE728D79BC4340568B104C063FD5BFF02A8A9879BC4340A054FCDE333FD5BF1369365A78BC4340606CB79EF63FD5BF90CF139B78BC43407A223202EC3FD5BFDA69A0E178BC43405CCBA4AE6845D5BF75D5C2C17ABC4340A184B1913845D5BFE4BAF41E7CBC4340068772B7E744D5BFD034AC657EBC43408B05E25BC244D5BF488FC4747FBC43402C5ACD628644D5BF7425D02681BC4340902DC7DA6744D5BFB660D50282BC4340,IGLESIA PARROQUIAL DE NUESTRA SEÑORA DE LOS ÁNGELES (EL CABAÑAL),monument
22,0103000020E61000000100000016000000A5A3894C7364D8BF978EDC6E44BC43406D097B527164D8BF6FAC487044BC4340E7854E324F63D8BFF71CC10E45BC43402BA293B84D63D8BFF68C710F45BC4340CAB7D434F45FD8BF5247DAE046BC4340F08CB0F5145ED8BFFA7A21E547BC43402E1AB08A8E5ED8BF4CC7A2CB43BC4340F40973F2895FD8BF2A681B8643BC4340061CEE1CFD5FD8BFC2B0446643BC434068A35D9DCB5FD8BFF23F485241BC4340D518CB174760D8BFAC9929FD40BC43402EE143947A60D8BF00811D4343BC4340ABE96AC44562D8BF35DF72C442BC4340A915EF512E62D8BF3207140D41BC434043D342132A62D8BFFCC67DB740BC4340820037E7C762D8BFEDFC758A40BC43403FB229C8CE62D8BF532796D540BC434056192FA0E264D8BFE1F31B7040BC4340A6E71275E464D8BF85445D2C41BC4340981E15ABE664D8BF5E63600842BC4340F86550EEEB64D8BFAF53872F44BC4340A5A3894C7364D8BF978EDC6E44BC4340,MUSEO DEL COLEGIO ARTE MAYOR DE LA SEDA,museum
23,0103000020E61000000100000024000000712BEECE0D4AD8BF9D60F46E92BC43400BC053787D49D8BFF7FD202693BC4340FEA324B7A949D8BF5D3D7F7A93BC4340497E6ECF394AD8BFE960710F96BC4340D60EA816C649D8BF1DC6D3329DBC43407E24ABA6F247D8BF286ADF819FBC43408592176BFE47D8BFFEB051989FBC43409026985D5648D8BF6BCB0D44A0BC4340A41EACA0F948D8BFCA18F582A2BC434025E66D9FFA48D8BFC17AC7E9A2BC434086BC92B5F648D8BF7C4C576CA3BC4340D6FEFF00A748D8BFA5C78A57A8BC4340EA4CAF863847D8BF18932E1BA8BC434018A98A0ED846D8BFDEB59199A8BC43403F197B4BC243D8BFBC20F456ACBC4340EFD086FE3940D8BFA9BCB2CFABBC4340B1FEF07B6C3FD8BF54E59971AABC434095779242B93BD8BFB9906DEBA9BC4340CF55651C9A35D8BF7BB3014B9EBC434089713E2FB035D8BF1A12560C9DBC43401EE4047BDF35D8BF3D2635359ABC4340845D1DF7E035D8BF01A7111A9ABC43408F345268F735D8BFBE40C4C798BC434051A1544B8C39D8BF4FC8605399BC4340D14145C7113DD8BF811127C294BC4340009A063C643DD8BFE22BC62A8FBC4340618F281C5B40D8BF1EA6215C8BBC4340478CEDAB3445D8BF512BEB1C8CBC43400B66B54E7546D8BF31B7715D8DBC43408A7B53A9B146D8BF08CBB8CA8DBC43408445184E4347D8BFB871EB1B8DBC4340C9FFEDD10A48D8BFB2E9492C8CBC43409C7E649DAE48D8BF66E8FB648DBC4340ECC2E5A22F4AD8BFA519854390BC4340958AC014D14AD8BF8618937791BC4340712BEECE0D4AD8BF9D60F46E92BC4340,MERCADO CENTRAL,monument
72,0103000020E610000001000000330000002B6599A790B4D7BFF920A418BDBC4340D2CFE3B35FB4D7BFE52D080CBEBC4340341EB8801FB5D7BFEE175A69BEBC4340EC3535DDC3B4D7BFB1805B06C0BC434082616965ACB4D7BF33B25C71C0BC4340E4305A8375B4D7BFAECD0469C1BC4340503E122A60B4D7BF62000DCBC1BC43403A9866470AB4D7BF5A22559BC1BC434079714ED542B4D7BF53C0B87EC0BC43409D22B5CB3EB2D7BFA596EB86BFBC434015DC8B1C8DB2D7BFD36C61F2BDBC4340DC37D0A393B2D7BFD4E166CEBDBC4340D1C41AACB9B2D7BF0869EF32BDBC43403D8608F2E7B3D7BFD77AB0CEBDBC43408E13B9461BB4D7BF68D86DDEBCBC4340D7E02E38F2B2D7BF30DA774ABCBC43402C5B30B517B3D7BFC2EBFFB1BBBC4340DACE77E32DB3D7BFC0FD8F57BBBC43405086151F4EB3D7BF27A542D3BABC43405FEE197634B2D7BF71906E16BABC4340D62FC29953B1D7BFBBB37280B9BC434003A1D14C1AB1D7BF420E565AB9BC43408DE6960008B1D7BF951C2C4EB9BC4340C967E1D1FEAFD7BF558F9F96B8BC43402826A8D97CB0D7BF4FA1EAB7B6BC43408E0DCD0380B0D7BF1A7136ABB6BC4340B39B39E86FB1D7BF65AC543AB3BC43403835382EACB1D7BF20DA195BB2BC43403E6D218742B2D7BF6C63EC31B0BC4340238C1E0B43B2D7BF18706F30B0BC4340D91DB470C8B2D7BFD3A2BB68AEBC434051259CEEE5B3D7BFD57B5EF5AEBC43408E73B965AFB6D7BF9E5C1456B0BC43402B292747CFB6D7BF647CE165B0BC4340050485EAA0B7D7BF67EED4CDB0BC4340CA3D4619E3B7D7BF69AD4CEEB0BC4340E4FA473A43B8D7BF04A9B91DB1BC434076A51CA08DB9D7BF0A3E8DC1B1BC434040BCD31A48B9D7BF7922D1A2B3BC4340FEA5E70F48B9D7BFE80615A5B3BC43400B90016BE8B8D7BF40D4C6FFB6BC4340A1F27053C2B8D7BF3572A253B8BC43407EBCBE598CB8D7BFEDCADE37BABC43401CEF40BCBFB8D7BFEA00B0CEBCBC4340CEC854B1BFB8D7BF59E5F3D0BCBC43403D75F9457CB7D7BFE7B5D23EBCBC4340707032CCC5B5D7BFE3C8A178BBBC4340FF880B4D95B5D7BF9456DC53BCBC43406AA69A0770B5D7BF5997B2FABCBC43407C28DC4754B5D7BF56ABE979BDBC43402B6599A790B4D7BFF920A418BDBC4340,PALACIO DE CERVELLÓ,monument
25,0103000020E61000000100000013000000F3D26ED02819D8BF855C418B07BD43402116DC41A615D8BF05497B1E06BD43409E4F3A7A1A15D8BFB79E83E205BD43406799A47FC012D8BFB11742D604BD434099D94B35BA12D8BF0CFCB4D304BD4340019286EEC710D8BFC0BE4C0304BD43404A076707B711D8BFD56B9A80FEBC43403668F440BF11D8BF415BFF83FEBC4340DE82F890AF13D8BF69381255FFBC43404665646FB313D8BFB3DEC156FFBC4340EFC5C2427014D8BF6FA6409DFFBC434097806160E714D8BF28372CC9FFBC4340157E4A92091AD8BFC225439101BD4340F6F9B6700D1AD8BF75CAF29201BD43405C5D51CB031CD8BF2530044002BD4340ACC54707A11BD8BF1F044DF104BD4340E37B7927861BD8BF9B1EFEA905BD4340D46A7678221BD8BFE678365808BD4340F3D26ED02819D8BF855C418B07BD4340,PALACIO DE LA GENERALITAT,monument
26,0103000020E61000000100000021000000D3C85C9C1866D7BF53CD32A784BC4340505C49CE9767D7BFF62534EE82BC43402BB11D244769D7BF2F658FB181BC43402F1C760A166BD7BF8F9A6FFD80BC43407F536DB7F26CD7BFB3C9C0D880BC4340DE209AD9CA6ED7BFEFD2EB4481BC4340A9D6414C8C70D7BF4695C83D82BC43400060D3C92572D7BF59D2C6B983BC4340637ECF958773D7BF14424CAA85BC4340EF269717A474D7BF723944FC87BC434048492D607075D7BF045EDB988ABC4340811EC895E475D7BF2B3260668DBC434075AF0F41FC75D7BF73D73F4990BC4340862F1179B675D7BFDF51152593BC4340D26236EC1575D7BF98DFC0DD95BC43409C38E8C52074D7BF4AA87C5898BC43403F87DF71E072D7BF0F23E47C9ABC43400764783F6171D7BF0512E4359CBC4340C2A297E8B16FD7BF80DB89729DBC43409BCAC900E36DD7BFC247AA269EBC434070002D52066CD7BF893A594B9EBC4340F6A86A2E2E6AD7BF4ACE2DDF9DBC43405B2E7BBA6C68D7BF213350E69CBC4340F38B213CD366D7BF75C8506A9BBC43409276FB6F7165D7BF2804CA7999BC4340B05DAEEE5464D7BF4DC5D02797BC4340BEA824A78863D7BFE997388B94BC4340BF3FFF721463D7BF2122B3BD91BC4340BB405DC9FC62D7BFFC5AD3DA8EBC4340D74AF1924263D7BF8443FEFE8BBC434032DD1321E363D7BFAC8E534689BC43408D202A48D864D7BF93F398CB86BC4340D3C85C9C1866D7BF53CD32A784BC4340,PUENTE DE LA EXPOSICIÓN,monument
28,0103000020E610000001000000200000005654EDE84768D7BF979E9B6EEFBC434008363F02A167D7BF67E0D411F0BC4340B95847BD3267D7BF41D86E7DF0BC4340829A09946766D7BFD4D10A44F1BC4340F7569F3A6E65D7BF87466937F2BC43408A2696551A65D7BF5E00E2A2F3BC4340CA156E99A564D7BF50976060F3BC4340E57AE787A664D7BF37CAAF62F3BC4340362D4FFB6C64D7BFD8823E97F3BC4340C1C1A81F6663D7BFEBE084FFF2BC4340E49120153563D7BF193F738DF2BC43405A5A585F0D63D7BF8F06A4CCF2BC4340CC07BDD2D461D7BFB1C3F718F2BC4340EAEDBF309861D7BFBB5115A1F1BC4340F87BD0914961D7BF3741F473F1BC4340EEBCE1987262D7BF9EF76152F0BC4340F6A3465D9462D7BF3426E831F0BC43404A238E32AF62D7BF1F892917F0BC4340F5C272A3A063D7BF92297B29EFBC434027E6828DE364D7BFED249CEBEDBC4340FBBDC334B665D7BF6B35841BEDBC4340285C717BF767D7BF54FFF1E2EABC4340C16F0AB90868D7BFA2824A0DEBBC4340FFEC4D595E68D7BF46BBE930EBBC4340410EF6FBDD68D7BF55878A6CECBC43403B70B0D5BF68D7BFF20BAFCFECBC4340291533F50669D7BF0486E8D2ECBC4340D41289704469D7BF7791536BEDBC4340D9C844CE2669D7BF7F26FBCCEDBC4340A2DD8A302F69D7BFDEEDC3E1EDBC4340EC156C0C6169D7BF880E2F5CEEBC43405654EDE84768D7BF979E9B6EEFBC4340,PALACIO Y BAÑOS DEL ALMIRANTE,monument
31,0103000020E6100000010000002300000010CCB9DF3A0ED8BF90983E6F96BC43403CAF0A85CA0DD8BFAC4126B297BC43403B425ED5BF0CD8BFA706851697BC4340D8EFD71C3C0BD8BF480EAD3396BC4340098B21343B0BD8BFC8C1D6B196BC43403E27C812E50AD8BF5508281498BC43408C01DE06BE0AD8BF2EC5504A98BC43408E605641AB0AD8BF5AF2368B98BC43407062D0F84507D8BFE413C01F97BC434039B5684F2C07D8BFE040471697BC43403C3A551D9903D8BF9F803BC995BC434064EF55F7B003D8BF7B74886395BC4340BA087770ED03D8BFCDE5465F94BC43408E8337F23704D8BF8329D97D94BC4340519BA5DC9304D8BFDEE601A494BC4340C28CE0633705D8BF647B18E794BC4340C90349ADAB05D8BF361DE02093BC4340012319999F05D8BF04330A1B93BC43404CCCFBA2F605D8BF2B953CD691BC434061B77A170406D8BF4C2FABE091BC4340EA1EFC5F6706D8BF8F1EF27E90BC4340EECDFD089706D8BFFDDFCFB58FBC434022FD5108C406D8BFDA3BA6F88EBC4340BBDA5430EB06D8BF25C4EA548EBC4340F610B6016508D8BFE22B6B3C8EBC4340C9FC75D24A09D8BF01F389668EBC4340D07E4F3CA80AD8BFB7DEEC208EBC43407385183AE00AD8BFCD31F7248EBC4340E37AF7A24D0BD8BF356D2E4E8EBC4340B98AC290310CD8BFCF750C418EBC43409BF0C81FBD0ED8BF27B7A1398FBC43407D2938262F0FD8BF06247FBE8FBC43403A6FA334C40FD8BF6C515FF98FBC43404D5778305C10D8BF4409134E90BC434010CCB9DF3A0ED8BF90983E6F96BC4340,IGLESIA PARROQUIAL DE SAN MARTÍN,monument
33,0103000020E6100000010000001D000000B0137A1497B3D7BFB77782D59CBC434053A73B41BCB2D7BFCD270F2AA1BC434033175DA00DB2D7BFA8ADA69EA4BC4340106731020CB2D7BF6004E4A6A4BC4340B1B2D908E9B1D7BFE6DF8C07A5BC4340ABA4C910A7B1D7BF56E24943A5BC434082FDEB5F60B1D7BFADAA1C43A5BC43405CB9BD705EB1D7BFEACA4442A5BC4340BD055C8C44B0D7BFF32BAAC5A4BC434073C8246EF6AED7BFCBD54A32A4BC4340FF6DE33BB9ADD7BF929F7CA6A3BC43405CB1D2E0B4ADD7BF063AC7A4A3BC4340147E68E679ADD7BF544E3B70A3BC434073549AFF55ADD7BFA5103619A3BC43403718FF1C51ADD7BF439A36B2A2BC4340F26AC8B950ADD7BF68E0E7ACA2BC4340E92B9F8C6BAED7BFBF891EDC98BC434032A5E7936BAED7BF7FF19BDA98BC43404246E50E48AFD7BFAC52403C99BC43407EC982F767AFD7BFECE88A4A99BC4340F0E3CBE3A4AFD7BFB69E7B6599BC4340E8AC926B36B0D7BF477742A699BC434063723948F9B0D7BF6F6F29FC99BC434039CA27580EB2D7BF35A647769ABC43400D1B2A9815B2D7BFF47FA1799ABC4340A14526F8D7B2D7BFC7BA82CF9ABC4340E628ED0FE4B2D7BFF69C97D49ABC43407DB4D7C0E5B3D7BF238EC9479BBC4340B0137A1497B3D7BFB77782D59CBC4340,CENTRO CULTURAL FUNDACIÓN BANCAJA,museum
37,0103000020E61000000100000021000000B704FA8A3BB3D7BFAEE4FCE925BC4340B12B97B4BAB4D7BF160EF63024BC4340AF48B4026AB6D7BF340148F422BC4340259639E238B8D7BFE3281E4022BC4340ABEF848915BAD7BFBDEB641B22BC434026E864A7EDBBD7BF9790858722BC4340B1204917AFBDD7BFAC5C588023BC4340CEB3BB9348BFD7BF9F734DFC24BC4340D06B4860AAC0D7BF78E7CAEC26BC434020AE4AE4C6C1D7BF965BBC3E29BC43402F7EAF3093C2D7BFC4B54EDB2BBC4340E5A1876B07C3D7BF61A7D0A82EBC43402197471D1FC3D7BF716EAF8B31BC4340EDE8BC5CD9C2D7BF7417866734BC4340A30B08D838C2D7BFF6D4342037BC434059C641BA43C1D7BF4DAFF59A39BC4340D500CF6E03C0D7BFB5EB63BF3BBC43406559B74484BED7BFD8096C783DBC434019E08DF5D4BCD7BF8C1F1BB53EBC4340F332931406BBD7BF8B9945693FBC43404351A26B29B9D7BF9EF8FE8D3FBC43401CD32C4C51B7D7BFCEF0DD213FBC4340BDD600DB8FB5D7BFE74B0A293EBC43403924C65DF6B3D7BF5B0714AD3CBC4340896A0F9194B2D7BFFE3E95BC3ABC434087A9870D78B1D7BF4583A26A38BC4340B0362FC2ABB0D7BF55200FCE35BC4340C271CC8837B0D7BF098D8C0033BC4340AE04B2D81FB0D7BF1AA4AD1D30BC4340CC36D29A65B0D7BF0C5ED7412DBC4340BFD9CE2006B1D7BF507929892ABC4340853D5D3FFBB1D7BF92CC690E28BC4340B704FA8A3BB3D7BFAEE4FCE925BC4340,PUERTA DE LOS JUDÍOS,monument
45,0103000020E6100000010000005000000025DA98BB60F5D7BFCFA17B6DE3BC43400FBC775D55F5D7BF3CB743F7E3BC43409D4BF6E076F5D7BF16A711FEE3BC43401F6C8BF966F5D7BF5B0FA7A9E4BC43408BE1316846F5D7BF4EFD66A4E4BC434060FC8EE743F5D7BF2211C3C1E4BC4340DB52579B97F4D7BF9606F897E4BC4340C59ADFFF39F4D7BF3BB4D27DE4BC43401FA79D637BF3D7BF03499F48E4BC43407074793458F3D7BFC833FB69E5BC434044D7AD654AF3D7BF5655F5D9E5BC434065211BCD0CF4D7BF852BEDFAE5BC4340508198B324F5D7BF49E59A2CE6BC43400799AA3220F5D7BF51639766E6BC43400D9FDBCC3DF5D7BF638AF96DE6BC43403E6C69692EF5D7BF4DFC1118E7BC43400F21A3C811F5D7BF761ABB10E7BC434060193D0706F5D7BFCD763495E7BC4340B34ED93922F5D7BFF8848099E7BC43407D27F73812F5D7BF56025F4AE8BC4340D6F1C083F7F4D7BF9643A144E8BC43403030BAB2F5F4D7BF3DCE7057E8BC43406BCAEE0632F4D7BF6B2B2412E8BC43401773A5290EF4D7BFBCCCE709E9BC4340873D38C040F2D7BF90DBBFABE8BC4340A0F26B4C73F1D7BF7B04F881E8BC4340C3EAE36B78F1D7BF5040E75AE8BC4340132755D55AF1D7BF33C5C352E8BC43406260EE9B6FF1D7BF45BF66A7E7BC4340F082ECA78DF1D7BF947512B1E7BC4340C290547C97F1D7BFE5CC245FE7BC434071530CED79F1D7BF98B97E55E7BC434062A4BBA88EF1D7BF269865ACE6BC434013FBB8B4ACF1D7BF204E11B6E6BC43401A74EDFAB6F1D7BFFC2C6D66E6BC4340FB653FEE97F1D7BFFBC9385EE6BC4340AE4E90ADACF1D7BF065C5EB4E5BC43408F15F8B2CBF1D7BF575715BEE5BC4340711489F5D5F1D7BF4782326FE5BC4340F93B266CB6F1D7BFD17CF866E5BC43408201D327CBF1D7BFC45ADFBDE4BC4340A06D92ADEAF1D7BF59ACDAC6E4BC434026A9C5F3F4F1D7BFE38A3677E4BC4340C2E850F1D4F1D7BFA296356EE4BC4340C8CF87BBE9F1D7BF424317C2E3BC434073B34FC20AF2D7BF2598DFC8E3BC4340DDDC298814F2D7BFF81FF779E3BC434068CF4A8CF3F1D7BF6FE6EA70E3BC4340E61F93CF08F2D7BFD98193C5E2BC43405230E6BC29F2D7BF37ECA4D1E2BC43400DE71C7F33F2D7BF2CC07D83E2BC43405725890612F2D7BF2EE46B7AE2BC4340E1C177C926F2D7BFBA28D0CFE1BC4340F776C0BE48F2D7BF55A7E7D8E1BC4340533402B463F2D7BF7756FD01E1BC4340A6BAB13393F2D7BF5EB8FB10E1BC4340E9A10F5E98F2D7BFB90EA7E7E0BC4340F96A746F05F3D7BF07724C09E1BC434007C91BC1FFF2D7BFA3111E34E1BC4340AE2F57652AF3D7BF96C92242E1BC43404359E71D2FF3D7BF2D988416E1BC4340CFBB2CB99AF3D7BFDC0E1938E1BC4340AE41FAFC95F3D7BFB88C7864E1BC43407AC102B2BEF3D7BFC76BA571E1BC434052BE6C78C2F3D7BF115C7944E1BC434038C6E60230F4D7BFC1A5E566E1BC43404EA45CC62AF4D7BF75CD0094E1BC43405F0FB0FE52F4D7BF240828A1E1BC4340515B92BB58F4D7BFDF365173E1BC43409235DA56C4F4D7BF16A5E594E1BC4340FB340B13BFF4D7BF966583C3E1BC43407D89A9CEE6F4D7BF02FCA4D0E1BC434024211B16ECF4D7BF37EF45A1E1BC43400AAE97A059F5D7BF4530B2C3E1BC4340A24BCED853F5D7BFD9E6CCF3E1BC4340286E2CF37FF5D7BF3480E201E2BC4340DABB3AAD6FF5D7BFCEA719C1E2BC43402DD6BD0D93F5D7BFB2EB85CCE2BC43404072DAB883F5D7BF462D9973E3BC434025DA98BB60F5D7BFCFA17B6DE3BC4340,CRIPTA DE LA CÁRCEL DE SAN VICENTE,monument
41,0103000020E61000000100000076000000AE021371BFBAD9BFFB3EA94076BF4340E4FA51EDEEB8D9BF74BFEFBD73BF434094EBADFA65B9D9BF9C7C9DE972BF4340DB91D902AEB9D9BF94E1A16E72BF4340B4FD33F3F7B9D9BF187D00F671BF43405DF8D7D542BAD9BF9CD9EC7E71BF43402E4BEB238FBAD9BF57D82D0A71BF434012A1F9052CBBD9BF046FEC2670BF434093AA469CCDBBD9BF7A65F24C6FBF4340E9C605EE73BCD9BFCA20BD7A6EBF4340BB5480B9C8BCD9BF7C837C156EBF4340EF5F6AF01EBDD9BFDA8790B26DBF434003F44E2ACEBDD9BFE6B8A5F36CBF43409DCEB82B14BED9BFF9A595826DBF4340A63A565B46BED9BF6A6BDFED6DBF4340B238593FA7BED9BFC86A12C86EBF43401F981A2703BFD9BFF50918A86FBF43401AC50D9D59BFD9BFFD1A688C70BF43409CE7CA5883BFD9BF0BA8620071BF4340C957581AABBFD9BF507FC97571BF4340A28E93A2F7BFD9BF16EA7A6372BF434043B6D93F3EC0D9BF8EE6AF5473BF4340AADCE96E7FC0D9BFEB086E4974BF4340831E2A2CBBC0D9BF9F9E764275BF434046986682F1C0D9BF44C0853D76BF4340C95AACED21C1D9BFA674183C77BF434049E158EE37C1D9BF5A020ABC77BF434046F4EAFE5FC1D9BFF26504BE78BF434044DB109271C1D9BF12A8074079BF43400122C8CE90C1D9BF37DAA2447ABF4340BE2FFAAAA9C1D9BF5E71394B7BBF4340AAEEB8F5B6C1D9BF115BE6FB7BBF4340B950A05EAAC1D9BF3FA940117CBF4340A57C2E9DB5C1D9BFD55F20C77CBF43404001BE3DBDC1D9BF416FB96D7DBF4340E7D97EA1C1C1D9BFB8B2A8F07DBF434021BB77FBC5C1D9BF71EE98F87EBF43401F8A0E80C4C1D9BF52EE84FF7FBF4340DE9FE9AEBCC1D9BFB16B280681BF4340604B58D3B6C1D9BFD3DA638981BF434051C51E39A6C1D9BF593F649082BF4340FA08744D90C1D9BF3B61E39483BF434009D07FA982C1D9BFA944041784BF43400465CB8263C1D9BFB3D1961985BF4340EFE0E48D3EC1D9BFE487A21986BF43404319A51E2AC1D9BFB7B9F29986BF434079CA726BFCC0D9BF2C6E179887BF4340C467D9A7E3C0D9BF7537301588BF4340E897E6BDADC0D9BF00962F0F89BF43406FF9F20C72C0D9BF508225058ABF43401F2B7F0852C0D9BF736AE57E8ABF43405492C9200EC0D9BFBFFFB5708BBF434078966BF2C4BFD9BFDD68C15D8CBF4340B47E752D9EBFD9BFAFB56CD38CBF4340565C87CF4CBFD9BF212CD0BA8DBF43401A8449ABF6BED9BF37BCB29C8EBF4340F1B35CADC9BED9BF00190B0C8FBF43408E48AB2660BED9BFB13D770190BF434095CD873C09BED9BFBA4449BE90BF434042F0B562EFBDD9BF9B30C9F290BF434064D2B15FA1BDD9BFA5C4C08E91BF4340DB9FD8C36BBDD9BFD66266F591BF43407874D6B8FDBCD9BF020847BD92BF4340B06D5D6E8ABCD9BF33E3DF7E93BF43406631AD5A13BCD9BF44B0413A94BF4340E5DC050198BBD9BFAADA66EF94BF4340830AC1E118BBD9BF00A9939D95BF43407CE41E8095BAD9BFAD86C24496BF434075649FD50EBAD9BF9E9BFEE496BF43405B711C6984B9D9BF1006817D97BF4340CE3B963AF6B8D9BFADC5490E98BF43407DA59E34AEB8D9BF54135F5498BF4340D7E58C4365B8D9BF6402649798BF43400BF026FDD1B7D9BF5C9D961999BF4340D5A98BFF3AB7D9BFE5A4CB9199BF4340091B1050EEB6D9BF459955CC99BF43403662D435A1B6D9BFC47513039ABF43400BDD741D06B6D9BF4332FC6B9ABF4340D629D125B7B5D9BF82E91B9E9ABF4340DD8C6DC367B5D9BFD3886FCC9ABF4340AD5454483CB5D9BF223459339ABF43403A67FC3C13B5D9BF9BC45E9A99BF4340F5ACA524ECB4D9BFFAA57A0199BF434093827CE5A2B4D9BF4DB123CC97BF4340FEFB718E60B4D9BF3809939296BF4340C2656E5842B4D9BFF4ED08F495BF4340B88BAB9825B4D9BF998F8F5595BF43402F0F83CF0AB4D9BF3E356BB694BF434044DB8B3BEDB3D9BFC688E6F593BF4340160EB2FDDBB3D9BF091F377C93BF434009F5D588B3B3D9BFC4F6C84092BF43401F63BF2185B4D9BF5EDA8AF891BF4340055F3D5776B4D9BFC709367E91BF434063CC2966EAB4D9BF0A2CB94A91BF43406A2C8DFD2CB5D9BFC592E21393BF43402810B0332FB5D9BF264B132093BF434083659C02E8B7D9BF4F06463B92BF4340870040E7D0B7D9BF8CED573F91BF4340F63FCF0C40B5D9BF9EBBC9F191BF4340AA145F5505B5D9BFAEB1F71E8FBF434053CADDD7EBB4D9BF9CB288718ABF43403D0438F2BAB5D9BFC5E7CB7A8ABF434018715FD5E7B5D9BF5F3F254E87BF43409DF40162ACB5D9BF8D947C4B87BF4340C8EB60A70EB6D9BF8F3B45C483BF43406195D43123B7D9BF7F3F2F0F7FBF43403B2B744AC1B7D9BF05CC35FF7CBF43405759FCC8A5B8D9BFFC8455C37DBF43404B1DAD7DE8B8D9BF9DBD8EDD7CBF434027FE17D1AEB8D9BFE318E7AF7CBF4340B60AF57790B8D9BFCC17A79B7CBF4340F03D82FAA6B8D9BF80A539637CBF4340B069F0C4F2B8D9BF0F9D5FA17BBF434039524370B7B7D9BF86E10F907ABF434009376C7BCAB8D9BF7341940278BF43402872E61F7EB9D9BF109FDEB078BF4340F070BE4D57BAD9BFF092C70577BF4340AE021371BFBAD9BFFB3EA94076BF4340,PALAU CONGRESSOS,monument
39,0103000020E6100000010000008300000035C9987E400BD8BF6CEB38A9D8BC43403B19FBAE390BD8BF5C9A4DDCD8BC4340606B3F4A4E0BD8BF33F65EEFD8BC4340F2B764EA4B0BD8BF4060EF05D9BC43407AA3D1053F0BD8BFCCB27111D9BC4340704A145F3B0BD8BFB656201ED9BC4340A37BB96A450BD8BFF97F6728D9BC434002DB19794C0BD8BF54200550D9BC43405ACC5D87D209D8BF439FD895DDBC4340999DC7CA7B08D8BFDAC8A306E1BC43407C14B8C64F04D8BF577478CAE9BC43404BF27EB42804D8BF56DAFECDE9BC4340FB469F562004D8BFACDE26D2E9BC4340B9306867C103D8BF21173680EABC4340EB757DE3C903D8BF2D75B58FEABC43408CFD881ECA03D8BF1D0F29EBEABC4340F23165D3D003D8BF985082F1EABC4340595F9560E203D8BF1FD48BF1EABC4340B7F886D3E403D8BF124DBD3EEBBC4340A7EA0B06B303D8BF420D8942EBBC4340A0EEEA62AD03D8BF6135401DEBBC434036D8487DA902D8BFFC1863F1ECBC434058DB82D1C102D8BF6A62FFF3ECBC4340A76E7D26C802D8BFC3391F42EDBC43400BF456359702D8BFD49C004CEDBC43402FCF01459502D8BFE9027731EDBC4340E62EAA228F02D8BF50999B26EDBC4340A32495D65402D8BFA0065B35EDBC4340A6ADC6D84902D8BFE5F98529EDBC43401C892B102A02D8BFF0FD4662EDBC4340B595F32D8801D8BFC3242E80EEBC4340E0B2D5C45801D8BFA68630D4EEBC4340C4132B9E5101D8BFCDBC8DCBEEBC4340FFBFA2CA1301D8BF63EC5414EFBC43405C6BE0A3C900D8BF5A776A4AEFBC43401CB9124BCC00D8BFE8EEE458EFBC4340A66562F78600D8BF2AF0C477EFBC4340139ECDD78400D8BFF8350C67EFBC4340C498E89A0F00D8BFA3A3D38CEFBC4340B0F41D0EA1FFD7BFD5D803A0EFBC43408138DB3AA1FFD7BFBA09A6B0EFBC43400965FA8758FFD7BF5DEB68B3EFBC4340A3B8D16157FFD7BFCA75BBA2EFBC4340A326FB1A03FFD7BF7CBAEC9EEFBC43404C5638C0B6FED7BFF374AC94EFBC4340F57BAD84B4FED7BF3DE1AFA3EFBC43400F2CE21B6EFED7BFDD206A94EFBC434038CE1250CDFDD7BF9ED4455BEFBC43404CF83EA7A6FDD7BF2784E648EFBC434065013E3197FDD7BFD2876641EFBC4340AEFB05B188FDD7BF911CB33AEFBC43401708AF1C69FDD7BF9C14BD34EFBC43406CD2CFD831FDD7BFF814E223EFBC43401A5F6871AFFCD7BF6EF8FBFBEEBC4340BAB0DC33CEFBD7BF1833A679EEBC43403235682834F9D7BFBFFA570DECBC43405F7140D530F9D7BF08BFA808ECBC4340B27191338AF7D7BFB7D9CEE3E9BC43402CB4DDA310F8D7BFA7A9F68FE5BC43400FEFC01CAEF9D7BF788D109FE2BC434093415200A6F9D7BFC02EA195E2BC434031BDFD84A7F9D7BF44E5AC92E2BC4340DFC02B1116FAD7BFB4E41DCAE1BC4340CB99C4A3F6F9D7BFBDCA27A2E1BC4340DF5F10F619FAD7BFCE9BC262E1BC4340CF8641B07BFAD7BF58534E57E1BC43404A53CB880FFBD7BFD40BEE4DE0BC43409306233206FBD7BFAD935DB6DFBC4340A340C88029FBD7BF2EAEB977DFBC43407D8766F847FBD7BF4334E39EDFBC43404D9DBC037FFBD7BF0190D739DFBC4340EBE7E934C8FBD7BF8BF31EB5DEBC43402EFA4BF6BBFCD7BFF83FE4AFDCBC434038AAF1FEBDFCD7BFF7FF72ABDCBC43400A82F24D4EFCD7BF9C3BFA2BDCBC43400D9B8752EFFBD7BF87D165BFDBBC4340EDE45D884BFCD7BF8ED0A206DBBC43400C917D00ABFCD7BFB8DA3C73DBBC4340B68D9FE116FDD7BFFEBE00EEDBBC4340D000ED0FB0FDD7BF7E173CB2DABC43405A95FDE1E9FDD7BFE76D2D3BDABC434092CD0C9D38FED7BFE7ED2342D8BC4340031DAC3882FED7BF8A352B70D6BC4340F8C02A7083FED7BF4CCF8915D6BC43407CECD6398BFED7BFFB0BC7F5D3BC4340060E53715EFED7BF634319BED3BC434042F1D4FF2C00D8BF6390C839D0BC434020B366DB7400D8BFC04233AECFBC434050273672EC00D8BF2FB96E42D0BC4340633D43736C02D8BF61D6401FD2BC43408E0401C67B02D8BFB88CFF47D2BC4340D126B5B6D502D8BF61096BBDD2BC43407155162B7B03D8BF72AF6D66D2BC4340CB8A2D521804D8BFED45CD91D2BC43408B40813E3A06D8BF9B0B526FD5BC4340870F7CA15D06D8BFD3144B60D5BC4340DB09EED36006D8BF67FCC56BD5BC4340DCFF48D89806D8BFE4099C54D5BC4340FB8BFB0DAD06D8BFB629FB2ED5BC434070628FF9E306D8BF7DCA6CEAD4BC434012B58E531F07D8BF31FD7EBDD4BC4340020274137607D8BF900574A5D4BC43402279664CC607D8BF8CC263B1D4BC4340E8517C73CA07D8BF4975F9A3D4BC4340B1CB12290B08D8BF263620C5D4BC4340ED6096213908D8BF44AD85F1D4BC43402DA682656408D8BFBEA3272CD5BC43401AAF99C28408D8BF128D1E70D5BC43403F551DBD7C08D8BF9F31D97BD5BC4340D086AE1E9008D8BFD66F28B6D5BC4340F560895AA108D8BF6852F3FAD5BC434061FF1867A908D8BF93B08C3BD6BC4340784348D3B608D8BF6C1DCC2DD6BC43406A595B4CB708D8BFC70B932ED6BC434050DD9361C808D8BF485F8747D6BC4340791E7A92A409D8BF899CF567D5BC434079448AE3A209D8BF39A5D43FD5BC43406B8DB1CEAE09D8BF08104734D5BC434033362656BD09D8BF02D67739D5BC434054C26088BE09D8BF4E2B9361D5BC43400E16E2D9C20AD8BF1EC958B1D5BC4340006115B3D00AD8BF1042F18CD5BC4340B9A112F7DB0AD8BF00631FA4D5BC4340F340DC98E60AD8BF221823A9D5BC4340CEF583D2D90AD8BFF4CC4CC8D5BC43409256AC0F6A0BD8BF745E981DD7BC4340E7059405840BD8BF27EA3517D7BC43400F57B4798B0BD8BF1C31AF29D7BC43400AE7552B880BD8BF6172F03DD7BC4340C3460B196F0BD8BF9CF4E548D7BC434035C9987E400BD8BF6CEB38A9D8BC4340,CATEDRAL,monument
42,0103000020E61000000100000021000000F09E9B9C80B3D7BFBE27172989BC434000AAB3CAFFB4D7BFC311107087BC4340D53BDD1DAFB6D7BF3AD4613386BC434035E6CE027EB8D7BFF8DB377F85BC43402B29B1AF5ABAD7BFCD907E5A85BC4340C6991BD332BCD7BF1C3A9FC685BC4340C6574748F4BDD7BFF31C72BF86BC43406B8F8AC98DBFD7BF085C673B88BC434020AA419AEFC0D7BFE607E52B8ABC4340C9139F210CC2D7BFBBC1D67D8CBC4340A6CB6E70D8C2D7BFAA6C691A8FBC434052CEA9AC4CC3D7BF02B7EBE791BC43404CF4B65E64C3D7BF51DBCACA94BC43404DD3609D1EC3D7BF7EE2A1A697BC4340E1ADCF167EC2D7BF7AFB505F9ABC4340929B2EF688C1D7BF322B12DA9CBC43404996FEA648C0D7BF6AB380FE9EBC434030066C78C9BED7BF0D1189B7A0BC4340C91136241ABDD7BF5A5738F4A1BC4340B3FFCE3D4BBBD7BF3CF162A8A2BC4340B92A478F6EB9D7BF615E1CCDA2BC4340822B476A96B7D7BF1E52FB60A2BC4340ACA0D3F3D4B5D7BF82962768A1BC43402045C8713BB4D7BFC62931EC9FBC4340E527E7A0D9B2D7BF6429B2FB9DBC43405E41041ABDB1D7BFF627BFA99BBC4340E5ED40CCF0B0D7BF34742B0D99BC4340F1527B917CB0D7BF3B88A83F96BC4340F9BE13E164B0D7BF0242C95C93BC4340AB6DFFA3AAB0D7BFC89DF28090BC4340EE5FD82B4BB1D7BF915D44C88DBC4340FC96414D40B2D7BF805B844D8BBC4340F09E9B9C80B3D7BFBE27172989BC4340,CASA NATALICIA DE SAN VICENTE FERRER - EL POUET,monument
44,0103000020E610000001000000320000009727659328DDD7BF35483302BABC4340D09C69AF1FDDD7BFA293D389BABC4340D16DFAF802DDD7BF664E0487BABC434060EA59D8E3DCD7BF0BDCD7D6BCBC4340CACE12EEA7DDD7BF9C311BD2BCBC43403AFA5E95A2DDD7BFF774F21EBDBC43408826208068DDD7BF34DB5D22BDBC43409983083C68DDD7BFA146684ABDBC4340FFDFEDFA33DCD7BF96B7DF50BDBC43406F7F0C0B31DCD7BFCE2E7F51BDBC43401C601829EEDAD7BFCEA70E58BDBC4340EE8D8F42EEDAD7BF4492C552BDBC4340EC4ADE42B2DAD7BFB548FF5EB8BC4340F9E4F45E02DBD7BF46C42323B8BC434023D1E96D03DBD7BFDCFBBF01B7BC4340E31DEA40B6DBD7BF67015C04B6BC4340E057D9BFBCDBD7BF0948D312B5BC4340AF22FA3B54DCD7BF0D356E1AB5BC43406D50FB0160DCD7BF7C1FFE91B3BC434026A094DBDDDCD7BF0607B671B2BC43404590EFCE05DED7BF0AFD2E8BB2BC4340D3F355A260DED7BF764E8DBAB3BC4340B85D5A8B51DED7BF3EACB171B5BC43403EB805FE09DED7BF38A36F6BB5BC43406927E6E502DED7BF27872615B6BC4340AC994AB2FBDED7BF79683327B6BC4340532224E201DFD7BF8AFCF85FB5BC43409A80FF8734DFD7BF2FAA0463B5BC434075A8F5AD3ADFD7BFF7E5BFB7B4BC43402EEE6C50A3DFD7BFB333C5C1B4BC434006D4FF590CE0D7BF7E3C7D45B1BC4340B32F590B11E0D7BF44AA611BB1BC434046814F75F9E0D7BFCFA80257B1BC43400FF9C57478E0D7BF163D31F1B4BC43409015757557E0D7BFE52AE6E8B4BC434057A644324DE0D7BF3B899F85B5BC43402035299673E1D7BFDA6650A4B5BC43405F25BA7D76E1D7BF9DC3818BB5BC4340210394EEC4E3D7BFF5F661BEB5BC434051E92EDD97E3D7BFDD4D624EB7BC4340253907F980E3D7BF3C096A1CB8BC4340E66EF4BF71E3D7BFFC0FC1A3B8BC43405C4B19385DE3D7BFF6B4F95BB9BC434011ABC95657E3D7BF70795D91B9BC4340AAB0278A44E3D7BF605F4E3BBABC434090D85D3E92E2D7BF652D8D19BABC434082472AEC81E2D7BFF04DB576BBBC4340779E5FD7D4DED7BFA442B02EBBBC4340EB2C03CCDDDED7BF4C5C0F22BABC43409727659328DDD7BF35483302BABC4340,IGLESIA DE SAN JUAN DEL HOSPITAL,monument
48,0103000020E6100000010000002100000007CA36F70C36D8BF5275F961A6BC43406692D31F8C37D8BFC31AE4A8A4BC43403690976F3B39D8BF6BD4256CA3BC434043C05A530A3BD8BFCDACEAB7A2BC4340BF3E5101E73CD8BFCFB41F93A2BC434079050828BF3ED8BFACE12EFFA2BC434016C297A28040D8BF9324F1F7A3BC43405C99212B1A42D8BFAD43D773A5BC4340B160BA047C43D8BF61E44764A7BC43401E263D969844D8BF21282FB6A9BC4340E11712F06445D8BF0859BA52ACBC434019C8C537D945D8BFE76E3820AFBC4340A4364EF5F045D8BF9FCD1603B2BC43409C04053FAB45D8BFDF85F0DEB4BC434088BBA5C20A45D8BF03ACA597B7BC43402827F7AA1544D8BF63097012BABC4340233A2263D542D8BF8C85EA36BCBC434096FF0A3A5641D8BFB42701F0BDBC434094AC3AE9A63FD8BFDE76C02CBFBC4340E81C0204D83DD8BF3940FCE0BFBC4340A60A6654FB3BD8BF315AC705C0BC434050AC192C233AD8BF6DCAB799BFBC4340A91342B06138D8BFCEAEF4A0BEBC4340C405F026C836D8BF1D620D25BDBC434038272D4D6635D8BFF26C9B34BBBC43400ED324BC4934D8BF8AE1B2E2B8BC434040385C637D33D8BFD0A72646B6BC4340BAE71D1D0933D8BF44F0A778B3BC4340300B3B61F132D8BF836FC995B0BC43409CD519193733D8BF2B1AF0B9ADBC4340E2F9C096D733D8BFCBCC3B01ABBC4340B7C637AFCC34D8BFF69C7286A8BC434007CA36F70C36D8BF5275F961A6BC4340,PLAZA DEL MERCADO,monument
54,0103000020E6100000010000001400000058BED4554267D8BF151279B226BC4340F0F20AD6F565D8BF3CC8CDA429BC434005AC5E8D7A61D8BF1B0214D125BC43404DE43EB24160D8BFDF10A85729BC434063FE9B85B95ED8BFFD64E41028BC4340FA37FBE6E95ED8BF2908C78827BC43401B757EB31A60D8BFCDA1E32924BC4340E08A83E3CD60D8BF215BD02D22BC434088662D059462D8BF2934E6261DBC43403813AF087663D8BFCD8A36E71DBC4340660CB4DF2C64D8BFBBF00F821EBC434094BA117BAA66D8BF67457CA720BC43408A9CE7980A67D8BFE5FB899F1FBC43400FD070176767D8BF93D5C3A21EBC4340778AFBE8EF69D8BFC8A203DF12BC434052027A0B346BD8BFD219A3FE0CBC43407EE3853E656DD8BF0B5ADE180EBC434044A677ED996BD8BF73CDAB8A16BC4340691CC9BB3C6BD8BF72C78AAA1DBC434058BED4554267D8BF151279B226BC4340,MUVIM,museum
55,0103000020E61000000100000017000000E2F2B6A717F8D6BF62EB19F4BEBA43406767CCDC84F8D6BFE6FA030BBEBA434056883D1267F9D6BF782BE70ABFBA43403840B38633F9D6BF32B54085BFBA43408D26FD3866F9D6BF709BADB8BFBA43402C0B89CB85F9D6BFF37057D8BFBA43409ABD098493F9D6BFA597BCBABFBA43401BFF3709AEFCD6BFECA761C8B8BA434082C4FBD4D8FAD6BFBEB6EFD3B6BA4340554FDAC671FBD6BF22BEE670B5BA4340D5D04F893EFBD6BF59647940B5BA4340BA2EF89BA9FBD6BF6D871D61B4BA4340572A34568AFBD6BFF07E9831B4BA4340164E6F8746FCD6BF4021F392B2BA4340349BFFF532FCD6BF0B87E67CB2BA434065FA5ACF4BFCD6BF72BBE249B2BA43409E123A9AB3FED6BF019BE9DFB4BA434083F6BE257CFED6BF6F32D75AB5BA434011C88673AE00D7BF184683B6B7BA4340209E2670ABFAD6BF411E230AC5BA43402CC4037709F7D6BF80430233C1BA434068E7505BC4F7D6BF2CA4AFA5BFBA4340E2F2B6A717F8D6BF62EB19F4BEBA4340,MUSEO FALLERO,museum
49,0103000020E61000000100000061000000399BAA3732D2D7BFCEAFE1FEAFBC4340016968B6BFD1D7BF58E336FBAFBC434019DCC672BAD1D7BFA52D44AEB1BC4340DE2FF125B7D1D7BF12D047ABB2BC43405F31F3A2B6D1D7BF4A8776C6B2BC43406258CFA4B2D1D7BF02822B02B4BC4340FCC8A533B1D1D7BF88639382B4BC43401C3918CE99D1D7BF06F74582B4BC43407F78AED498D1D7BF52AF3A82B4BC4340BFAA7913BDD0D7BF3231507BB4BC43402DE13D48B1D0D7BF383F9E24B8BC4340F3ABA38EC8CED7BF6EB55015B8BC43406208641CE1CDD7BFD1ABDE0DB8BC434077676B045FCDD7BFC43B7F09B8BC434050F05FD718CDD7BF2B94D507B8BC4340D715F3ED7CCCD7BFFB274B02B8BC43403476594D88CBD7BFAA44C3FBB7BC4340C360445888CBD7BF1F607FF9B7BC43404BD4C37789CBD7BFA3DDD8BDB7BC43409DDC4BC46BCBD7BFEC79BFBBB7BC4340CE4DAEFE6DCBD7BFE8FE812BB7BC4340316C93278CCBD7BFF99E232FB7BC43409CA508FD8DCBD7BF4D3BBCCDB6BC434091EF38C96FCBD7BFC67F5ECCB6BC4340EE41B82072CBD7BF42A31636B6BC43404CB798CD90CBD7BFF54E3B38B6BC434074FCEF2491CBD7BF912A1C26B6BC43404F10831092CBD7BF531056DBB5BC43405CECA26373CBD7BFA16431D9B5BC43403FA1E0B976CBD7BF25B30E0EB5BC434002B1B26994CBD7BFD362E910B5BC4340B1F8B1A195CBD7BFAE0848B6B4BC43401C14956E78CBD7BF18FD72B3B4BC4340616E1D7484CBD7BF65216FB3B1BC434070C6ABBB9FCBD7BF2A04ABB4B1BC4340BBB0BFE8A0CBD7BF748E4D5CB1BC4340A155D12886CBD7BF2F6BD358B1BC4340BFFA9B8D89CBD7BFA688AB8AB0BC434047FC0A5FA3CBD7BF2E7FD68BB0BC434075F0CCD9A3CBD7BF889E7858B0BC43405566802DA4CBD7BF45C61A47B0BC43403F072431A4CBD7BF177A5946B0BC4340B431A504A6CBD7BF65918EB1AFBC4340120C44308DCBD7BFE296ADAFAFBC4340B3738B2A90CBD7BF2E93B9DDAEBC434047DBDA85A8CBD7BF789DD3DEAEBC434072C20908ABCBD7BFD76BCA25AEBC43405961282293CBD7BF029E3826AEBC43401706249996CBD7BF3E3E4A54ADBC4340D5AEF781ADCBD7BF1C109254ADBC4340BF6650EEAFCBD7BF81A710A0ACBC43404696D58599CBD7BF8D2D0D9FACBC4340E3CB020F9DCBD7BFB95058C9ABBC4340F395137EB2CBD7BF888250CAABBC43401AC592F7B3CBD7BFB2CC1762ABBC4340D47B8509CECBD7BFEBA4F93BABBC4340E4084AEBF8CBD7BFA3BB283DABBC43406513FB75FBCBD7BF7F09D703ABBC43402669E43776CCD7BFE17E6409ABBC4340DED7E4AD74CCD7BFDAE03E41ABBC43409AB6C705A1CCD7BFACE17E42ABBC434006284126AFCCD7BFE3752243ABBC4340A205E82FB0CCD7BF0EBC030CABBC4340A01D99FD61CDD7BFFD8D0E14ABBC43406C5C298260CDD7BF5ABFE348ABBC4340D676761B96CDD7BFEEE88E4AABBC434053958D1697CDD7BFB45F7516ABBC43402F56EECE13CED7BF390B581BABBC434092C5C65A12CED7BF55A4AA4EABBC4340B6F4B9D94BCED7BFF6EA8250ABBC434034ED8CCC4DCED7BFC07A9950ABBC43409FBA706C82CED7BF00593952ABBC434009CA9B5C83CED7BF43B46320ABBC434044D5763F9AD0D7BF0D6DD337ABBC4340F1FA3F8299D0D7BF60E7165FABBC43406D756FA5CDD0D7BF7119B160ABBC43406530EA17CFD0D7BF42518361ABBC434052AC38F90CD1D7BFCD4F8E63ABBC43407AC416360DD1D7BFC87D063DABBC43403DA8118F84D1D7BF824D6C42ABBC434028911E5D84D1D7BFFE3AB066ABBC43407A37C758BED1D7BFDD178E68ABBC434032138080BFD1D7BF37BE1645ABBC434047F470F26BD2D7BF5A48E34CABBC43401330B0D26BD2D7BFEDB8606DABBC434025BF49F98BD2D7BF77F4D46EABBC43404B47A451A5D2D7BF59EE386FABBC4340E0DC2A67A6D2D7BF8C11884FABBC434017D37E401ED3D7BFC82B3254ABBC4340EEE050AB1DD3D7BF3A602773ABBC4340B16C083469D3D7BF9AF20E75ABBC4340C154CDCD8BD3D7BFB712DE75ABBC43406BC3AE068BD3D7BFCD3417B9ABBC4340A58159AC87D3D7BF9CCCD1D2ACBC434098BA3F8280D3D7BFB6BFBE04AFBC43404792B8147DD3D7BF78118E08B0BC4340399BAA3732D2D7BFCEAFE1FEAFBC4340,IGLESIA STO TOMAS Y SAN FELIPE NERI,monument
50,0103000020E6100000010000003400000088A183A107B4D8BF53C2A8D994BB4340E6F5460B56B2D8BF0D68645196BB4340C78F2BE153B1D8BF1418CE3097BB4340812B8578A4B0D8BFD58B5EC897BB434038368AB8DFAED8BFF3C7A6DF92BB43409EC9D3188FAED8BFA4055BFF91BB4340C7620B439EAED8BF3DB36BAE91BB43405C1B201376AED8BFB9F6C39F91BB4340B4E5F5CD77AED8BFE9177C9191BB4340E4C517B461AED8BF0E9E2B6691BB434007762F0056AED8BF475A413291BB43409AD0D24D4DAED8BFF6DE152E91BB4340300D3FA957AED8BF5C0F9BF390BB4340B478DA0E3EAED8BF6F391EE790BB43408FD9185941AED8BF81159ED390BB43406E8790273CAFD8BF7FC1ED968BBB4340852D0B7640AFD8BF23EF34818BBB4340B5426C105AAFD8BF23C3B18D8BBB4340F428C2F263AFD8BF850970528BBB434067AB7F9E6DAFD8BF6EBCA6568BBB4340984B2BA087AFD8BFBE0C8C338BBB4340C1216BE196AFD8BF0BA8EB2B8BBB434048C30E13AAAFD8BFF33D34228BBB434006D57D32AEAFD8BF06524C168BBB434079A2B0E8D4AFD8BF2683A4258BBB43400FA5A508E5AFD8BFDDB381D58ABB4340677BE3B292B3D8BF7B9CC2B687BB43400D6206DAFBB3D8BFA3DEEDDC88BB43403DB7200D0CB4D8BF9E33000B89BB4340768600D285B4D8BF66E309638ABB4340EF679B95FDB3D8BF8CF255D78ABB43405349DA0497B4D8BF06FAA27E8CBB43406DD3F3C61CB5D8BF4EC07E0C8CBB43400D3B4F63CBB5D8BFF3DD7EF68DBB43403A2CA042ECB5D8BF156D6A538EBB4340B17C30F534B6D8BF082E76208FBB434060D4C8E0ACB6D8BF6944207390BB434020E52E7235B6D8BFDA3AE63E90BB43402926E6FA61B5D8BF823D47CD94BB4340D78DABD78EB9D8BF0BEBDEAC96BB434074241E1902B9D8BF4243996499BB4340AF40527583B8D8BF300FC22A99BB43407CCBBEBDCCB7D8BF0035B9D798BB4340E489442D94B7D8BF64F681BE98BB434049F77D8093B6D8BF77E1EA4998BB43400A2518F5ABB5D8BFFB9B09E197BB4340A0B06762FFB4D8BF2237FE9297BB43409E37C249F4B4D8BF5AFDC07297BB43403BFC5884CBB4D8BF33F6120197BB4340B9CCD8E681B4D8BFDFC2F63096BB4340973142EB55B4D8BF1F438FB495BB434088A183A107B4D8BF53C2A8D994BB4340,IGLESIA PARROQUIAL DE NUESTRA SEÑORA DEL SOCORRO,monument
59,0103000020E610000001000000250000005F80D9EFCE81D8BF44CDF6B762BD43409442AF8C1F81D8BFAF4F645866BD434072F77E431B7ED8BFB7DEB34776BD4340D6B08E635A7CD8BF49ED2D8775BD43406DC59937457BD8BF5BAFE41075BD4340AF1700492C79D8BF97EEE72B74BD4340B14D0F8C9277D8BFA66C867E73BD43400D6D84BC9E76D8BFA8EF571773BD434070962FCFF875D8BF81BE24D172BD43409068754B1876D8BF30E74FA070BD43400A4231C12476D8BF2638F0C16FBD43401FCEDBFE3676D8BFFDB7507F6EBD4340EFDDACE93A76D8BFCA937B126DBD4340FB387C013E76D8BF2BA696056CBD4340873C2B215676D8BF625D49256ABD4340936F56206B76D8BFE9D1B13969BD4340267961F36A76D8BF4E9F0F2969BD4340CA6CD8636976D8BF77544CAC68BD4340415DD2966376D8BF288CADEF66BD43400FC04C055D76D8BF80C8F98F65BD4340643A3C466576D8BF9860E00F65BD434031FE0FA76D76D8BFF01729B963BD4340DC0AB1C76D76D8BFF6665DB263BD4340F64BC82B6D76D8BFE533DECE62BD4340547409506D76D8BF5A3651C762BD43409A3C93277B76D8BF246E408561BD43408EEA533D7B76D8BFCCA2B88061BD4340DD670AE08576D8BFF696A4CB5FBD4340B6F01EAE9376D8BFD96D92A15DBD4340498A42639776D8BFCEF3E20F5DBD434094ED9EEB4677D8BFF497DBED5ABD434062359541DA77D8BFC1C35F1559BD434068E0B985367AD8BF37737E2B5ABD4340542E20883C7BD8BF57BE1EA45ABD43402F6F981D237CD8BF25B17B0E5BBD43403B641C12B082D8BF2AF3C9125EBD43405F80D9EFCE81D8BF44CDF6B762BD4340,IVAM,museum
67,0103000020E6100000010000002100000055D89092C42BD8BF58C3B964F7BC4340A5FD61BF432DD8BF9559A5ABF5BC434092AFA913F32ED8BFD934E86EF4BC4340B77F13FCC130D8BF9C54AEBAF3BC43408ACBA5AE9E32D8BF1FBDE495F3BC4340D836C0D97634D8BF1756F501F4BC4340DB3F50583836D8BF9202B9FAF4BC43407AAE4FE4D137D8BF147BA076F6BC43403552B1C03339D8BF90571267F8BC434008D23454503AD8BF6CADFAB8FABC434088A62EAF1C3BD8BF19BC8655FDBC4340632420F7903BD8BF0B73052300BD434059E6FCB3A83BD8BFF12FE40503BD4340D52725FC623BD8BFA9FFBDE105BD434025C5637DC23AD8BFDDF5729A08BD43406FF69662CD39D8BFA5DD3C150BBD4340DA6106178D38D8BF11A3B6390DBD4340D8C6BAE90D37D8BF6E54CCF20EBD434064B966945E35D8BFFB818A2F10BD4340AE8087AA8F33D8BFE703C5E310BD434000994FF6B231D8BF6CBD8E0811BD4340F88E9FC9DA2FD8BF8DC17D9C10BD43406BA5C749192ED8BF4E3CB9A30FBD434096FCFFBC7F2CD8BF4196D0270EBD43408E4274E01D2BD8BF40655D370CBD434080386B4D012AD8BFD9C773E509BD434073BF7DF33429D8BF4CB0E64807BD434012AB01ADC028D8BF9E57677B04BD43402683CAF1A828D8BFCC78889801BD434063E037ABEE28D8BFEC0BAFBCFEBC43407225412B8F29D8BF7CEEFA03FCBC43409A2CD646842AD8BF4E343289F9BC434055D89092C42BD8BF58C3B964F7BC4340,CALLE CABALLEROS,monument
60,0103000020E610000001000000590000008A196A7256B7D7BF7C2A1C7C68BD43403B0416807EB6D7BF7F3C55E66ABD43400AB3C15697B5D7BF9E4CA7196ABD434059C3C61E4EB5D7BF9733F6EC6ABD4340D26BC252FEAED7BF591CBD8D65BD4340554306BB1CB0D7BF5610297B62BD4340E891B4B493B3D7BF51CD98F758BD4340FE90B20C7AB4D7BF02EAAA7F56BD43402561FADDAFB5D7BFE269A79157BD4340FB8AA5E2C1B5D7BF93C0145F57BD43409C4F7AE650B6D7BF9C6DC2D255BD434053D4D70367B6D7BF6FC1CA9555BD434041EA820A28B5D7BFBFFE197E54BD4340DA0E94CAF6B8D7BFACC274104ABD4340546831A8BAB9D7BF99B273F847BD4340F373C19AF5BAD7BF9E93C21649BD4340D1D15486F7BAD7BFCABE5B1849BD4340B22E348550BFD7BF73F307124DBD4340917A46249EC0D7BFAD4990424EBD434047080740A5C0D7BFBA17774D4EBD434017F8B6BBF4BFD7BFC6AB102050BD43400B14C7191DC0D7BF3F455D3F50BD43404872560544C0D7BF7CA4D75D50BD4340A83C4D7855C0D7BF4CD1784950BD43400C57F1B365C0D7BFE4C2E44150BD4340BBE1C0C973C0D7BFD14BCC4450BD4340ED2BA6CC80C0D7BF51A0F14C50BD4340D61927888FC0D7BFE148426150BD4340C2713AEC94C0D7BF6A83AF7950BD4340F08B3AEA95C0D7BFF340AB9250BD4340A46F013C62C1D7BFAE46B44651BD434090918BC06DC1D7BF6A84993651BD434025ED77037EC1D7BF8DDC822D51BD4340C4AFB0CC87C1D7BFE3D2AF2B51BD43406D8CDF5294C1D7BFEB81CF3351BD4340972EDEB69EC1D7BF607CA94551BD43403AEF84B09EC1D7BF37D5DD6051BD4340922E763899C1D7BFE2E45B8051BD4340C59E756ECFC1D7BFA40F66AF51BD43401AEA33C473C2D7BFEC7E26F950BD43404206D5D9FFC5D7BFBA1E764A56BD434077A4FB2133C7D7BFCEEEFC1658BD43405DE94F1E3CC6D7BF3F704F7759BD43402C338AA7AFC5D7BFC3A1A32E5ABD4340FDC15E7635C3D7BFB7F0409C56BD4340E483DAF627C3D7BF90489EFB56BD434093B6958E0AC3D7BFBA68089F57BD43407C9111D2E5C2D7BF0BB07B0F58BD4340603E557EC5C2D7BF9766ED6458BD4340019FDFA782C2D7BF81816BE858BD4340699DAAA634C3D7BFFA48538259BD434080C58D342CC4D7BF0CC8CF585ABD434066FC565303C6D7BF09C00CF15BBD4340B83135FFEDC6D7BF2B1598B85CBD43406B3FF697BDC8D7BF4BCC21425EBD434052E54026C2C8D7BFE750CDA05EBD4340B4D83CEEBBC8D7BF46E701025FBD4340F28CF240ABC8D7BF5AC5D46E5FBD434092B33E1981C8D7BFF2CAE52F60BD4340BD4407096EC8D7BFEEC0336660BD4340A6B3729651C8D7BFE231E2A260BD43408880A5DC2CC8D7BFD879E2F860BD4340D75C02E407C8D7BFDD0E074261BD434039BEE047E0C7D7BFCCD6EF7B61BD43400ABCB8D9B1C7D7BF80A189B561BD4340301F97AE80C7D7BFD7B330E561BD43401267ECA414C7D7BFBE1ACA4162BD4340AF0F46F9DEC6D7BFD503975D62BD4340A5D11A67A9C6D7BF44D71A7462BD43408737E60774C6D7BF1F800C8062BD4340C09FAA5A38C6D7BFD336328A62BD4340E7ABBA070AC6D7BFA3195E8A62BD4340B30CEB4DDBC5D7BFA98EFC8562BD4340818022E2A4C5D7BFADA7F77B62BD4340893F47F272C5D7BFC872DC6C62BD434013C84C534BC5D7BF6EF1AF5962BD43408ECFB57713C5D7BF3BC2653462BD4340C31536B4ACC5D7BF44CC257560BD4340A97E948B97C4D7BFB8D346975FBD43401B9647C85DC3D7BF2471622E63BD43402E9FDFD777C1D7BF57405C8661BD43402A116E12F7C1D7BF35CE981D60BD4340D652E82F11C1D7BFC45FCD5A5FBD4340ACFB6A69A2BED7BF50980C0E66BD43400C6EE7D7C0BCD7BF2FE1F96664BD43401924F72942BDD7BF6636C0F662BD4340635CF08E06BCD7BF4C252DFB61BD4340AE4CEC331DB9D7BF2AB608096ABD43408A196A7256B7D7BF7C2A1C7C68BD4340,MUSEO SAN PIO V,museum
71,0103000020E61000000100000051000000318545F95E14D8BFF22867F3AABC434051079A1D5F14D8BF452DDAEBAABC4340852879F96914D8BFE614C9E4AABC4340497972017914D8BFA249BAFFA9BC43407723986F7014D8BFC6BFC2F4A9BC434039CE5A767114D8BF8F0B17D8A9BC4340AADE6FF91415D8BF443F8F66A9BC4340120A55223315D8BF1E46306AA9BC4340447DD1943415D8BF3A77026BA9BC4340D6A718440D16D8BF18F078ADA9BC4340AD21D2A21116D8BF59EA6CAEA9BC434067D4FC68EE15D8BF61645BB8AABC4340CA93B2DAE515D8BF612D79FAAABC43405975E1A81A17D8BFFEE36024ABBC4340A285B9335E18D8BFA0964A7CABBC4340A57F3D246918D8BF094C2909ABBC4340DB2E57743E19D8BFBA80822FABBC43401851D47A271AD8BFB51BA84AABBC43403142B774371AD8BFD000AB50ABBC43405473FFC2A71AD8BFB530867BABBC4340D7F93F13B11BD8BFEA8CE076ABBC4340A96F940DEB1BD8BF9D5344B7AEBC4340E5DF646F901BD8BF611B0AABB3BC4340494DD584831BD8BFC0DCC0D1B3BC43404DA23CBA6C1BD8BFB6EB20E5B3BC43401CE424CF781AD8BF94EFB306B4BC434071B490A98719D8BF701B92FCB3BC4340F69684AD8B19D8BF58EB8FC2B3BC4340457ED629B718D8BFF4C89F8BB3BC434067C073E6B217D8BF53DAFA6CB3BC4340E81F33D1A317D8BFE7A0C06EB4BC4340E1973E387417D8BFAAD10B65B4BC4340FF32E76E7617D8BFB0E6173DB4BC43402B37D678CB16D8BF8C122B1AB4BC43409BC1F212C916D8BF1FDEEF4BB4BC4340D111E1472F16D8BF617B6F3DB4BC434093771EA61D16D8BF403E76A9B4BC43403F1C0BF0FF15D8BFBAC17D5DB5BC434076B516C3FD15D8BF4E017C69B5BC4340A0AD1E2A8B14D8BF9C49B452B5BC43407739D0409414D8BF3F1A3BADB6BC43405F30207C9414D8BF4F1AD8BAB6BC43402D529A069414D8BFFD7D2607B7BC434037E9694B8914D8BFEBE66B07B7BC43407422C46C7114D8BF07F85706B7BC43408BEB3100EA13D8BF4D753A00B7BC4340A1D1572BE413D8BF679535FFB6BC4340ECE3EF1A4613D8BF900178EAB6BC4340E15776A22D13D8BF82A6A72FB3BC4340E15C4D197A12D8BF56EDE735B3BC4340765762C35012D8BF01C14230B3BC4340238D4C6D3E12D8BF9FF20E40B3BC434048EBF0BE2B12D8BF2CE971FAB2BC4340C2969E42F611D8BF0159BDF2B2BC434024A6825BAC11D8BF995BD8E7B2BC43400C765A198011D8BFB86211E2B2BC4340073F4B0D7011D8BFAAF1D4DFB2BC4340A10B11FB9C11D8BFE4F86953B0BC43406FBB5FC6A411D8BF2714C453B0BC43403F5304EDC411D8BF2AC43755B0BC434037BCB1EDBA11D8BF3D45B1C6AFBC4340FFBF2CDAD111D8BF345C37C6AFBC434083AF41F8C211D8BF013B63EAAEBC4340387321AFFE11D8BF2B52F8DDAEBC4340B6642CE2F511D8BF288BB629AEBC4340169C8535A011D8BF8CF5833CAEBC434054EB4BB89A11D8BF557505F2ACBC43407BC654D29911D8BF39DC0EBAACBC43408DF761379911D8BF8ED761A6ACBC43406ED44DF99B11D8BF165E6E7BACBC43403A7215EF9C11D8BFCAED3A7CACBC4340B2FFAAEF5512D8BFF11653A4ACBC43404F1918E05012D8BFE07E10E2ACBC434064BE3F5CE112D8BF3200DD0CADBC4340E475AF760F13D8BFAE2D7BB0ACBC4340FC68960D4313D8BF469D8B4DACBC4340E078F9EE8713D8BF33138BDEABBC434047F5A807A713D8BF826D56B0ABBC4340AA63D974CB13D8BF2852E283ABBC4340F45880965D14D8BF358C4109ABBC4340318545F95E14D8BFF22867F3AABC4340,IGLESIA DE SANTA CATALINA,monument
74,0106000020E610000001000000010300000001000000160000003A37F1FE0D54D6BF804DEF4528BA43400C74CCFDFE62D6BFB2EC51D13BBA4340E507CF00EE64D6BF8F27B47250BA43407D09D3FF8B8AD6BF5EE0C9D981BA4340B2C11D030D91D6BF71F86A687FBA43401471BE01FBA2D6BF6C84763596BA4340A5E38301F8A5D6BF2E013AC4A6BA4340BF75CDFD38CED6BF1F7FED89C3BA4340EFAA8B04E8F1D6BFFE1D9B2ED5BA4340E74F7EFFA4E9D6BF43A962CFC3BA4340FBB870FF15E2D6BF56C1035EC1BA434064556BFEEBDED6BFDC655CC4B9BA43401B342EFBF9DFD6BF53F8E073AFBA4340AC72C20099C8D6BF09AF97857ABA4340E717670402BAD6BF4EA2B9A95CBA4340EC960D008F87D6BF8DC55F281ABA4340B7DEC2FC0D81D6BF186C76E616BA43407D6FBA025D7DD6BF27B1183311BA43409DEA77FE407BD6BF25E4E6C808BA434000000000B660D6BFC8CD487FF8B94340000000005459D6BFB36E135F13BA43403A37F1FE0D54D6BF804DEF4528BA4340,CIUDAD ARTES Y CIENCIAS,monument
73,0106000020E61000000100000001030000000100000028000000388E0EFE34E4D3BFB77E1BDE03BB434060FEF1FB8AF7D3BF1BAA5AB934BB4340B8512A0218A6D4BF60F468EC43BB4340BF1880FC5BF8D4BFB85A272E47BB43400E6314FC1D27D5BF37D0534F2CBB4340B34698FD154DD5BF5B534932E5BA434092C30E00A824D5BF2D12A8386DBA434008A48A0364FFD4BFC7D124CA41BA434022C820FB490AD5BF186C76E616BA4340E0FD0AFC55FED4BF517A11339CB943408C9AB703D8F4D4BFA7F402A216B9434015BA3B001C1AD5BF3BF1C5ACD1B8434079DB7504AA5ED5BF5275FA0732B84340FB9B06FB6566D5BFC5598DFCACB7434094D3A603BC79D5BF3985CFB5B3B6434048840C05E84ED4BFB5ECFFD2D8B54340883E8A00C805D4BFEF90838E2DB6434087028D04E0C0D3BF2B05B4DF20B7434039FCC1029001D4BFC9A42B7D8DB743401FD6C0FB4F23D4BFFB230C0316B74340448146027020D5BFEE0886F7C5B74340151C3D02A8F7D4BF8F09C6FB50B843403BAA58041879D4BF09256119FAB743402635B401D840D4BF60DC783DB9B8434022F6F00278CDD4BF7155FA852EB94340973ECFFAEFDCD4BF0ABD404190B943409702D2FE0798D4BF9892BCA562B943402771B1FDBF85D4BF3458271D9BB94340E0C9D901F8E3D4BFF070F917DAB94340FAB93EFF7FD4D4BF365E1503FFB94340FA1B40010CB2D4BF82ED5853F6B9434042D3AF00E8A8D4BF241432C221BA43401582240579EAD4BFB88C827D47BA4340433D7D04FEB0D4BF39D8B4B5B2BA43405A157EFCE721D4BFB09A00261DB9434025C31AFC370ED4BF7AFBF70935B9434018AD69FF7FF3D3BFF06F6D34C2B9434048840C05E84ED4BF2C15AF0DF0BA43403A38BFFE7746D4BF9A5822480CBB4340388E0EFE34E4D3BFB77E1BDE03BB4340,PUERTO DE VALENCIA,monument
75,0106000020E61000000100000001030000000100000008000000B7A6AB016B51D6BFD27C63422BBA434083F246FF2E60D6BF2179420AF9B94340487B7203F431D6BF6BD26D89DCB9434074D0E3FFA705D6BFB5C33E85CCB94340A22D21FEE503D6BF9D725CF807BA434033A4CCFE271CD6BFBE6745500CBA4340125D40FDA138D6BFB7F75F9D19BA4340B7A6AB016B51D6BFD27C63422BBA4340,OCEANOGRAFICO,leisure
78,0106000020E61000000100000001030000000100000013000000ED548E038E48DABF3C2D3F7095BD434001BE8003FF40DABFECFAE4AC78BD43400C667EFB5B3EDABF3079EA2E5CBD434069F0ADFEBE35DABF4FB550112BBD4340E6F980FE4A40DABFA2792199E5BC4340B1AB03FFDF41DABF765EB6DFD2BC4340350CFE026A3FDABF5AB39D08C5BC4340AA54DCFAE14EDABFB47998CDCEBC43400D6A64FCA053DABF6D9C7F81C1BC43402D13F2FFB214DABF7078C57C8EBC434076342F03A513DABFD7C5A7DF89BC4340BD1704FB54FAD9BFF8180F6390BC434069B896031C06DABFE9563AE5F2BC4340F9C474004816DABF67BE7B2EF0BC434076CE4700D420DABFB6BB490411BD43401A14CD035824DABF04E9FFA80FBD434007ABDA03E72BDABF24DF7C5574BD4340350CFE026A3FDABFB97B2DA6A1BD4340ED548E038E48DABF3C2D3F7095BD4340,PARQUE DE CABECERA,leisure
88,0106000020E6100000010000000103000000010000000A0000006B868EFC4539D7BF6ECE98B46FBF43401CDAF8FAF72CD7BF12A452EC68BF43408B6733FBFA29D7BFE2A4175251BF434058E96A027726D7BFAAD305E54BBF43406CF05B005C41D7BFBAE8B7F11FBF43409AB76602B047D7BF9DE206B629BF434010CC1300CA3CD7BF64D6A43E3DBF4340B4A7CBFF3738D7BF9B502DC750BF434099E3CBFA8337D7BF6F25229961BF43406B868EFC4539D7BF6ECE98B46FBF4340,ARENA MULTIESPACIO,shopping
89,0106000020E610000001000000010300000001000000070000005039057D12EDD6BFDB3E5884EAB943405CC246FE05A7D6BFCF2C4B6C25BA4340CD1F3605F09ED6BFFC16BE3A1EBA43409E582B039C98D6BF0387A3ED10BA4340F43EA7836996D6BF70F043AD02BA43401B342EFBF9DFD6BFAEA0276DC3B943405039057D12EDD6BFDB3E5884EAB94340,CENTRO COMERCIAL EL SALER,shopping
90,0106000020E610000001000000010300000001000000070000006105F0FDAA2FD6BF7E97080A72BA4340F54529BE2D1AD6BFB2B542818CBA4340824C7CFF3013D6BF5520CC5089BA434077D66EBBD01CD6BFF268FC2556BA43404B4DCCC4BE2ED6BFB30CED7367BA4340100E0FC42630D6BFC76ED90070BA43406105F0FDAA2FD6BF7E97080A72BA4340,AQUA MULTIESPACIO,shopping
77,0106000020E610000001000000010300000001000000170000001A10E702130FDABFA1892CA945BD43403BF571020D15DABF3C13580844BD4340DE0075FB9315DABF6D1E249741BD434090C292FEA026DABFAB0A476F3CBD43407CEFD2FA1926DABF5FF6E3DD2EBD43407DC36D024636DABFC10C7CFB29BD4340E6F980FE4A40DABFBB79709864BD4340D3604305C142DABF5071B94D7ABD4340D981CEFF0648DABF5EC8B81C8EBD4340B90AF704685FDABF56039CF762BD43409EE4F5FD2781DABFAB0A476F3CBD4340ED26BEFB5F85DABF858095A635BD434021753BFBCA83DABFC36CB87E30BD4340845692022C6EDABF6E1F4D501EBD434098599DFFCB73DABFF84FBB8804BD434097EBE9FA7056DABFD915A718EFBC4340213D24002854DABF30AB2470F3BC43409DD843FB5841DABF38FBC1C8E4BC434084B4AD037336DABF6A77FEA325BD434082E012FC4626DABF086166862ABD4340F95E8DFD7623DABFAFB3BED411BD4340AA18DFFEF909DABF71C79BFC16BD43401A10E702130FDABFA1892CA945BD4340,BIOPARC,leisure
76,0106000020E61000000100000001030000000100000049000000AA7EC601CBFCD9BFDFF3AA6BC0BC4340EA661405D976D9BF98C947BDEDBC434003B1AE02631AD9BF1D6272593BBD434065C25003DD09D9BF292A768F47BD43407132370097D7D8BF492245AE65BD4340ED953F002595D8BF1EF20147A3BD43400E43B3047C6BD8BFE841CDD2C6BD4340750B13FC2558D8BF1403C9E0CDBD43409C3FF9FD9326D8BFA1EDE247C6BD434027F33405D701D8BF0EB16E7A9FBD43407BB4A3FE9BD3D7BF6D4CBAF365BD4340C2C92EFFBE92D7BF1A321EA512BD43406DFC0D032B81D7BFA7C2C860FFBC4340D31EA3FAD620D7BFE8F9B2380CBC4340CE67E503A723D7BFC17310F0FBBB43403704E0027D20D7BFAD30BFCBF3BB4340161F5503831AD7BF218EB78DEDBB4340B29B19FD68F8D6BFAE6DA36466BB4340DB41990477F9D6BF520527CB5EBB434002AE960188F7D6BFDA7AC01B56BB43407E49B6FCB8E4D6BF41E887AE17BB43407F196B03A0DFD6BF631A1BF404BB4340C60026FC94DBD6BF6F2A315303BB4340C0DF9A014FD6D6BFBD86A60D03BB4340E643CCFCD5A9D6BF8B8DD4D6E3BA4340A5E38301F8A5D6BFE8FF2CC8DCBA43407D0DB900D19FD6BF0F306FE5D7BA4340D9C733FD4C9CD6BF325AE42AD8BA4340BD2D1EFF8149D6BF62878CA262BA4340A95A5EFBFA48D6BF1D682E055EBA434068FA15001D45D6BF0F8BE63B57BA4340F111CEFAD63FD6BFF870875555BA43409CDADFFA2C26D6BFBFFC67303ABA4340F16FE9FB1D08D6BF6B00C2C92EBA43404D5C1A010DDDD5BF5CBB1F7D34BA43408EBC62FCEAE0D5BFF5A95B240ABA4340A91E61FF1204D6BF4206D1DE09BA43400C38CF01171ED6BF1097B94C0FBA4340EBF04200913AD6BFDFF4D3241DBA4340B1B56B003E51D6BF47D64C842EBA4340412831003B54D6BF20D9D8FC2ABA434048B389FE9661D6BF5780C6B73DBA43402E290C04E063D6BF83179E1352BA4340CC1B5004AB89D6BF2EA63E3583BA4340ABD0DD01E090D6BF5EE0C9D981BA43405D92FB04EDA1D6BF5F7460D697BA4340D931010163A4D6BF04CF394FA7BA4340E81B4D0547CFD6BF36994C70C5BA4340C6040CFDD9F0D6BF39626F5AD7BA4340DBDBB101A606D7BFA160AD770BBB4340A006C2042410D7BF6D126A232ABB4340B409CD01C415D7BF6AFEB17347BB4340577F9DFE601ED7BF4114275275BB434044B4A9FC6348D7BF5F2EB9BCFFBB43403EC74FFC7B5DD7BF40996F123DBC4340738380004279D7BF8307384A7FBC43401EEE76FF5097D7BF5DE41A76CABC4340394C8F0134A5D7BFD384ED27E3BC434033C51C041DADD7BFEDFE8891EBBC43402CD8C20335C2D7BF9CCADC5B15BD434018A301FE21E4D7BF1689A63F3DBD434000215005F510D8BF9D57868263BD43409CD911FBC233D8BF6BA90F668BBD434097263A05D84BD8BF9ACA47F798BD43408A48A003C360D8BF8DE9F0AD9BBD43407D041FFFDC82D8BF934C144283BD4340A5DECF00499ED8BF9D57868263BD4340DACE31FF6CD4D8BF6F3777AA32BD43403D82B8FE9FFBD8BF9149C2951EBD43408D981B040410D9BF8C89498F11BD4340D68F6E000D61D9BFF96D46D5C8BC4340908A7B03FEF6D9BF93A23AC28EBC4340AA7EC601CBFCD9BFDFF3AA6BC0BC4340,JARDIN DEL TURIA,leisure
79,0106000020E61000000100000001030000000100000008000000058F677ED21CD8BFB9BD8B94B9BB4340CB1F5F842119D8BFAF86BCCCCDBB43400C331B016816D8BFBA13ECBFCEBB4340262380FEEF06D8BFDC8FCA03C7BB43404017CBFCBC0CD8BF2163A4CDA7BB4340751CA27ED519D8BFCBAA7C8DACBB43405C9224841E1CD8BFDB396AD8B1BB4340058F677ED21CD8BFB9BD8B94B9BB4340,PLAZA DE TOROS,monument
82,0106000020E6100000010000000103000000010000000A0000006B08963C0101D8BF904F2388CEBC4340579FA33C9008D8BF8FFBFB31D2BC4340746548FC270BD8BF9A55E938C8BC4340ACD2AB3BF50CD8BF0097B66EB9BC434026700C7D870DD8BF6F8A22FFA7BC4340FBC7E7BA950AD8BFC3BF63D3A5BC43401250C0FA6806D8BFC3BF63D3A5BC434030E619C1E703D8BFCF7FD5B2B1BC434085CC9541B501D8BFD16840F7C4BC43406B08963C0101D8BF904F2388CEBC4340,PLAZA DE LA REINA,monument
80,0106000020E61000000100000001030000000100000009000000B0ACD1FE4934D8BF820441578DBB434055583E059F2AD8BFC0F0C659C3BB4340B7508581DF2DD8BF9B436BA8C5BB4340F86341FE252BD8BF0B721FD2D2BB4340541EBCFAA127D8BF2D19AEABD5BB4340F8ACE77B781CD8BFE9CA90F8CFBB434047BF6480971BD8BF5CA5A24ECCBB43405B0FFCFBCE27D8BF2519DE5188BB4340B0ACD1FE4934D8BF820441578DBB4340,ESTACION DEL NORTE,monument
81,0106000020E61000000100000001030000000100000007000000824BAEFFC620D8BFD995758311BC43405C9224841E1CD8BF4668FCA90EBC4340F2D402FF8408D8BFA1A5C8AD0BBC4340EB4D90016E10D8BFA4B5D40733BC434033ECA47C101BD8BFB8AC048352BC4340F3F52985481FD8BFC5BC1AE250BC4340824BAEFFC620D8BFD995758311BC4340,PLAZA DEL AYUNTAMIENTO,monument
83,0106000020E6100000010000000103000000010000000A0000004ADA64BFB409D8BF34BE2F2ED5BC4340F2D402FF8408D8BF69A8D580D6BC434059A591227408D8BFA3ECA9ACD8BC43403607A5BB2D09D8BFF09E0B3CDABC4340FBC7E7BA950AD8BF07637E4DDABC4340AEBB589C5A0BD8BFD8ABD914D9BC43404FE2F75F7C0BD8BF33141C03D7BC4340A3DFC67FE40AD8BF697D5F96D5BC4340659E64C4680AD8BFCE9D4762D5BC43404ADA64BFB409D8BF34BE2F2ED5BC4340,MIGUELETE,monument
84,0106000020E61000000100000001030000000100000008000000156FA63ACB09D8BF7B3CA19503BD43402351263D250AD8BFDF1D3248EEBC4340ADA26042DC07D8BF9E27BFC1EEBC43408FBF7AFDC503D8BF87DEA0C5EBBC434085AF54BC3600D8BFD86B93EDF0BC43409F56133C6CFFD7BF59BC3F7B01BD4340790757C4D902D8BF2EB9FE1B03BD4340156FA63ACB09D8BF7B3CA19503BD4340,MONUMENTOS DE LA PLAZA DE LA VIRGEN,monument
85,0106000020E6100000010000000103000000010000000800000048C6E6BA5B9FD7BFA9DA4D7406BC43400EBDC5C37B8ED7BFAEB961E313BC43400DA0843EFD8CD7BFF0AFD46913BC4340FD9E1EFC4089D7BFE41E22A008BC4340DC06207BDE89D7BF1503C16F05BC43401F0BB884CF98D7BF7BA20CD1F8BB43405F4EBFFA2E9BD7BF862F3CC4F9BB434048C6E6BA5B9FD7BFA9DA4D7406BC4340,MERCADO DE COLON,monument
86,0106000020E61000000100000001030000000100000009000000EAC7CB3F9FADD8BF6E524D2057BB434087B2433EE0A8D8BFAA9212CC62BB434011E73CBE18A5D8BFFC732C4A64BB4340B25682FF8C96D8BF01A7F3B85ABB4340604260408A95D8BFCEED902855BB4340CD670E83D89DD8BF92B1DAFC3FBB434015B9967FE3A1D8BF280C4E6D3EBB434049A12C7C7DADD8BF65CBEA0451BB4340EAC7CB3F9FADD8BF6E524D2057BB4340,FINCA ROJA,monument
87,0106000020E6100000010000000103000000010000000800000023A8968476D4D6BFD8A30D13CFBC43404ACBED0335E1D6BFE9C1F6F6DBBC434036DFD27B74F4D6BF4BE4A341E1BC4340F535E40244FFD6BF8B353BD6B5BC43408B7CA87EEF00D7BF4304FB33ACBC4340EE27637C98FDD6BF2E3EC3A3A6BC4340077EAF7CF1E0D6BF6474C44A9ABC434023A8968476D4D6BFD8A30D13CFBC4340,MESTALLA,leisure
122,0106000020E6100000010000000103000000010000001200000026476C3D6406D9BF2CC5865559BD43405F886A845D18D9BF181EE2BC8BBD4340F56461FCF211D9BF983B4C5E91BD434089C6C1423913D9BF076E0F0895BD4340A420F443D70BD9BF7B54368B9BBD4340EF43D601AD0CD9BFD393C70D9EBD434037AEB982F1FCD8BFCCF5CF36ABBD434041715345E9F9D8BF6AA463D6A4BD4340A31C0E4392F6D8BF80ED81D2A7BD434008E3C87F58E1D8BF09E2FA7F6EBD434060CBE9BA09E1D8BF8141B1996CBD4340375D470315E1D8BF5EC14F7F6ABD43405406AB3D2EE2D8BF8FCC1B0E68BD4340BA3EFF7F94FFD8BF87D3934355BD4340655883FFC601D9BF16267C8454BD434096D4A63D6703D9BFDB5EC1EC54BD434096F1E7C2E504D9BF6907960256BD434026476C3D6406D9BF2CC5865559BD4340,NUEVO CENTRO,shopping
123,0106000020E61000000100000001030000000100000007000000C7653FFFFBDBD8BF93D66BBC6CBD43401C9947FE60E0D8BFBF68A8B472BD43407283A97F73F3D8BFA9756E1CA9BD43402220BAFB77D8D8BF745BA64FC0BD434057A4D3049BC4D8BF31367C2488BD43400775157BFDC3D8BF3A636F9482BD4340C7653FFFFBDBD8BF93D66BBC6CBD4340,ESTACION CENTRAL DE AUTOBUSES,transport
124,0106000020E6100000010000000103000000010000000D000000A87D4A00C4FEDEBF571465251CBF43409B6799030CE4DEBF8405629FA1BF43402902DEFA97C1DEBFA2AD94AF95BF4340E7FBCAFFBB70DEBFC3A55B5D6BBF434014B33DFEFB21DEBF568E1C2B29BF434035649703980DDEBF8C088C169CBE4340F4998104A401DEBFF9BE552A6ABE43405541560108E9DDBF48B1B35339BE4340E1D27303EC40DEBFFC698A9D7CBE4340D45AC104A848DEBFFAABCFEE73BE43400FD67B01288CDEBF8DF505DBA5BE43408654F6025889DEBF01721D3EC4BE4340A87D4A00C4FEDEBF571465251CBF4340,AEROPUERTO,transport
156,0106000020E61000000100000001030000000100000005000000F3EE0204F76CD4BF49DA090642BB4340B160EA00EBA5D4BFB3D5826A45BB4340D86600FB2AB1D4BF061A6479F4BB434027DB7E01D68DD4BF45E3DC68F8BB4340F3EE0204F76CD4BF49DA090642BB4340,PLAYA DEL CABANYAL (LAS ARENAS),beach
157,0106000020E6100000010000000103000000010000000F0000008A281EFE37C2D4BF52F3F2C7F6BB43401A97FDFCEFAFD4BF11A7936CF5BB43401AF9FEFE7B8DD4BF5CFD3B4FFABB4340C5C9DC005C9ED4BF9C647120A0BC4340E6AE670056A4D4BF707F89D324BD4340CC5435FFB7ABD4BF65515C7EF5BD4340218C23FF61C5D4BFF3F93094F6BD43404962EEFF88CBD4BF99E83DDFE0BD43404F36ED7B37CAD4BF8978EBFCDBBD434098746B04A8CAD4BF33B4AE8FD6BD43408A75AA7CCFC8D4BFCD6F3DAF9DBC43402E51627C3DC4D4BFE17581BB81BC4340719EA00381C4D4BFAB251DE560BC4340CD755C857BC2D4BF8D0333CF5FBC43408A281EFE37C2D4BF52F3F2C7F6BB4340,PLAYA DE LA MALVARROSA,beach